File,Function,LOC,SLOC-P,SLOC-L,MVG,BLOC,C&SLOC,CLOC,CWORD
D:\Luciano\Numerico\MecSol\FluxSol\Src\FluxSol-CAE\Axes.cpp,"main(int, char*[])",58,32,24,1,14,1,12,63,
D:\Luciano\Numerico\MecSol\FluxSol\Src\FluxSol-CAE\GraphicModel.cpp,GraphicCFDModel::GraphicCFDModel(const std::string s),42,25,17,4,12,0,5,20,
D:\Luciano\Numerico\MecSol\FluxSol\Src\FluxSol-CAE\GraphicModel.cpp,GraphicCFDModel::GraphicCFDModel(const Fv_CC_Grid &im),43,26,18,4,12,0,5,20,
D:\Luciano\Numerico\MecSol\FluxSol\Src\FluxSol-CAE\GridSelection.cpp,MouseInteractorStyle::OnLeftButtonDown(),82,58,38,2,17,0,7,37,
D:\Luciano\Numerico\MecSol\FluxSol\Src\FluxSol-CAE\GridSelection.cpp,"PickCallbackFunction(vtkObject* caller, long unsigned int vtkNotUsed(eventId), void* vtkNotUsed(clientData), void* vtkNotUsed(callData))",10,9,7,1,1,0,0,0,
D:\Luciano\Numerico\MecSol\FluxSol\Src\FluxSol-CAE\GridSelection.cpp,HighlightInteractorStylePoints::OnLeftButtonUp(),58,37,27,1,13,1,8,42,
D:\Luciano\Numerico\MecSol\FluxSol\Src\FluxSol-CAE\GridSelection.cpp,HighlightInteractorStyleCells::OnLeftButtonUp(),46,32,20,2,11,1,3,12,
D:\Luciano\Numerico\MecSol\FluxSol\Src\FluxSol-CAE\main.cpp,"main(int argc, char *argv[])",39,5,5,1,13,0,21,54,
D:\Luciano\Numerico\MecSol\FluxSol\Src\FluxSol-CAE\MainWindow.cpp,MainWindow::MainWindow(),25,8,8,0,3,0,14,40,
D:\Luciano\Numerico\MecSol\FluxSol\Src\FluxSol-CAE\MainWindow.cpp,MainWindow::createMenus(),52,8,8,0,2,0,42,233,
D:\Luciano\Numerico\MecSol\FluxSol\Src\FluxSol-CAE\MainWindow.cpp,MainWindow::createContextMenu(),5,1,1,0,0,0,4,4,
D:\Luciano\Numerico\MecSol\FluxSol\Src\FluxSol-CAE\MainWindow.cpp,MainWindow::createToolBars(),33,11,11,0,4,0,18,26,
D:\Luciano\Numerico\MecSol\FluxSol\Src\FluxSol-CAE\MainWindow.cpp,MainWindow::saveAs(),7,6,3,2,0,0,1,2,
D:\Luciano\Numerico\MecSol\FluxSol\Src\FluxSol-CAE\MainWindow.cpp,MainWindow::open(),10,8,4,1,0,0,2,3,
D:\Luciano\Numerico\MecSol\FluxSol\Src\FluxSol-CAE\MainWindow.cpp,MainWindow::createActions(),19,15,15,0,2,0,2,2,
D:\Luciano\Numerico\MecSol\FluxSol\Src\FluxSol-CAE\ModelTree.cpp,ModelTreeWidget::ModelTreeWidget(QWidget *parent),16,4,3,0,3,0,9,21,
D:\Luciano\Numerico\MecSol\FluxSol\Src\FluxSol-CAE\ModelTree.cpp,ModelTreeWidget::showContextMenu(const QPoint &pos),19,10,8,1,3,2,6,27,
D:\Luciano\Numerico\MecSol\FluxSol\Src\FluxSol-CAE\ParamDialog.cpp,ParamDialog::ParamDialog(QWidget *parent),36,31,28,0,5,0,0,0,
D:\Luciano\Numerico\MecSol\FluxSol\Src\FluxSol-CAE\SimpleView.cpp,"CameraModifiedCallback(vtkObject* caller, long unsigned int vtkNotUsed(eventId), void* vtkNotUsed(clientData), void* vtkNotUsed(callData) )",13,2,2,0,1,0,10,49,
D:\Luciano\Numerico\MecSol\FluxSol\Src\FluxSol-CAE\SimpleView.cpp,"WindowModifiedCallback( vtkObject* caller, long unsigned int vtkNotUsed(eventId), void* vtkNotUsed(clientData), void* vtkNotUsed(callData))",47,15,12,0,8,1,24,57,
D:\Luciano\Numerico\MecSol\FluxSol\Src\FluxSol-CAE\SimpleView.cpp,"showContextMenu(const QPoint &pos, QTreeWidget &tree)",14,5,5,0,3,0,6,14,
D:\Luciano\Numerico\MecSol\FluxSol\Src\FluxSol-CAE\SimpleView.cpp,"addTreeChild(QTreeWidgetItem *parent, QString name, QString description)",10,5,5,0,2,0,3,16,
D:\Luciano\Numerico\MecSol\FluxSol\Src\FluxSol-CAE\SimpleView.cpp,ReadAnXMLFile(const char*fileName),7,7,6,1,0,0,0,0,
D:\Luciano\Numerico\MecSol\FluxSol\Src\FluxSol-CAE\SimpleView.cpp,SimpleView::SimpleView(),292,99,86,0,89,2,104,308,
D:\Luciano\Numerico\MecSol\FluxSol\Src\FluxSol-CAE\SimpleView.cpp,SimpleView::~SimpleView(),3,1,1,0,1,0,1,8,
D:\Luciano\Numerico\MecSol\FluxSol\Src\FluxSol-CAE\SimpleView.cpp,SimpleView::slotOpenFile(),6,4,2,0,0,0,2,3,
D:\Luciano\Numerico\MecSol\FluxSol\Src\FluxSol-CAE\SimpleView.cpp,SimpleView::slotImportMesh(),181,74,49,2,56,1,51,138,
D:\Luciano\Numerico\MecSol\FluxSol\Src\FluxSol-CAE\SimpleView.cpp,SimpleView::slotOpenResults(),316,211,128,14,63,2,42,123,
D:\Luciano\Numerico\MecSol\FluxSol\Src\FluxSol-CAE\SimpleView.cpp,SimpleView::slotViewZpos(),11,7,6,0,4,2,0,9,
D:\Luciano\Numerico\MecSol\FluxSol\Src\FluxSol-CAE\SimpleView.cpp,SimpleView::slotImportIn(),151,54,39,2,36,1,61,143,
D:\Luciano\Numerico\MecSol\FluxSol\Src\FluxSol-CAE\SimpleView.cpp,SimpleView::slotExit(),2,2,2,0,0,0,0,0,
D:\Luciano\Numerico\MecSol\FluxSol\Src\FluxSol-CAE\SimpleView.cpp,FindAllData(vtkPolyData* polydata),35,23,17,2,5,0,7,23,
D:\Luciano\Numerico\MecSol\FluxSol\Src\FluxSol-CAE\sortdialog.cpp,SortDialog::SortDialog(QWidget *parent),6,5,5,0,0,0,1,2,
D:\Luciano\Numerico\MecSol\FluxSol\Src\FluxSol-CAE\sortdialog.cpp,"SortDialog::setColumnRange(QChar first, QChar last)",14,14,12,0,0,0,0,0,
D:\Luciano\Numerico\MecSol\FluxSol\Src\FluxSol-CAE\Tetrahedron.cpp,Tetrahedron::Tetrahedron(QWidget *parent),10,9,9,0,0,0,1,1,
D:\Luciano\Numerico\MecSol\FluxSol\Src\FluxSol-CAE\Tetrahedron.cpp,Tetrahedron::initializeGL(),5,5,5,0,0,0,0,0,
D:\Luciano\Numerico\MecSol\FluxSol\Src\FluxSol-CAE\Tetrahedron.cpp,Tetrahedron::paintGL(),3,3,3,0,0,0,0,0,
D:\Luciano\Numerico\MecSol\FluxSol\Src\FluxSol-CAE\Tetrahedron.cpp,"Tetrahedron::resizeGL(int width, int height)",7,7,7,0,0,0,0,0,
D:\Luciano\Numerico\MecSol\FluxSol\Src\FluxSol-CAE\Tetrahedron.cpp,Tetrahedron::draw(),24,24,28,2,0,0,0,0,
D:\Luciano\Numerico\MecSol\FluxSol\Src\FluxSol-CAE\Tetrahedron.cpp,Tetrahedron::mousePressEvent(QMouseEvent *event),2,2,2,0,0,0,0,0,
D:\Luciano\Numerico\MecSol\FluxSol\Src\FluxSol-CAE\Tetrahedron.cpp,Tetrahedron::mouseMoveEvent(QMouseEvent *event),13,13,12,1,0,0,0,0,
D:\Luciano\Numerico\MecSol\FluxSol\Src\FluxSol-CAE\Tetrahedron.cpp,Tetrahedron::mouseDoubleClickEvent(QMouseEvent *event),9,9,7,2,0,0,0,0,
D:\Luciano\Numerico\MecSol\FluxSol\Src\FluxSol-CAE\Tetrahedron.cpp,Tetrahedron::faceAtPosition(const QPoint &pos),19,19,18,0,0,0,0,0,
D:\Luciano\Numerico\MecSol\FluxSol\Src\FluxSol-CAE\Qt-Tests\cube\geometryengine.cpp,GeometryEngine::GeometryEngine(),1,1,1,0,0,0,0,0,
D:\Luciano\Numerico\MecSol\FluxSol\Src\FluxSol-CAE\Qt-Tests\cube\geometryengine.cpp,GeometryEngine::~GeometryEngine(),2,2,2,0,0,0,0,0,
D:\Luciano\Numerico\MecSol\FluxSol\Src\FluxSol-CAE\Qt-Tests\cube\geometryengine.cpp,GeometryEngine::init(),9,4,4,0,3,0,2,11,
D:\Luciano\Numerico\MecSol\FluxSol\Src\FluxSol-CAE\Qt-Tests\cube\geometryengine.cpp,GeometryEngine::initCubeGeometry(),65,39,33,0,8,30,18,208,
D:\Luciano\Numerico\MecSol\FluxSol\Src\FluxSol-CAE\Qt-Tests\cube\geometryengine.cpp,GeometryEngine::drawCubeGeometry(QGLShaderProgram *program),23,12,12,0,5,0,6,42,
D:\Luciano\Numerico\MecSol\FluxSol\Src\FluxSol-CAE\Qt-Tests\cube\main.cpp,"main(int argc, char *argv[])",12,12,9,1,0,0,0,0,
D:\Luciano\Numerico\MecSol\FluxSol\Src\FluxSol-CAE\Qt-Tests\cube\mainwidget.cpp,MainWidget::MainWidget(QWidget *parent),1,1,1,0,0,0,0,0,
D:\Luciano\Numerico\MecSol\FluxSol\Src\FluxSol-CAE\Qt-Tests\cube\mainwidget.cpp,MainWidget::~MainWidget(),2,2,2,0,0,0,0,0,
D:\Luciano\Numerico\MecSol\FluxSol\Src\FluxSol-CAE\Qt-Tests\cube\mainwidget.cpp,MainWidget::mousePressEvent(QMouseEvent *e),3,2,2,0,0,0,1,4,
D:\Luciano\Numerico\MecSol\FluxSol\Src\FluxSol-CAE\Qt-Tests\cube\mainwidget.cpp,MainWidget::mouseReleaseEvent(QMouseEvent *e),16,6,6,0,4,0,6,38,
D:\Luciano\Numerico\MecSol\FluxSol\Src\FluxSol-CAE\Qt-Tests\cube\mainwidget.cpp,MainWidget::timerEvent(QTimerEvent *),14,8,7,1,2,0,4,15,
D:\Luciano\Numerico\MecSol\FluxSol\Src\FluxSol-CAE\Qt-Tests\cube\mainwidget.cpp,MainWidget::initializeGL(),16,9,9,0,4,0,3,14,
D:\Luciano\Numerico\MecSol\FluxSol\Src\FluxSol-CAE\Qt-Tests\cube\mainwidget.cpp,MainWidget::initShaders(),16,9,5,4,3,0,4,14,
D:\Luciano\Numerico\MecSol\FluxSol\Src\FluxSol-CAE\Qt-Tests\cube\mainwidget.cpp,MainWidget::initTextures(),15,7,7,0,3,0,5,32,
D:\Luciano\Numerico\MecSol\FluxSol\Src\FluxSol-CAE\Qt-Tests\cube\mainwidget.cpp,"MainWidget::resizeGL(int w, int h)",15,6,6,0,4,0,5,29,
D:\Luciano\Numerico\MecSol\FluxSol\Src\FluxSol-CAE\Qt-Tests\cube\mainwidget.cpp,MainWidget::paintGL(),17,8,8,0,4,0,5,22,
D:\Luciano\Numerico\MecSol\FluxSol\Src\FluxSol-CAE\Qt-Tests\OpenGL\dockwidgwets\base\glwidget.cpp,GLWidget::GLWidget(),2,2,2,0,0,0,0,0,
D:\Luciano\Numerico\MecSol\FluxSol\Src\FluxSol-CAE\Qt-Tests\OpenGL\dockwidgwets\base\glwidget.cpp,GLWidget::~GLWidget(),1,1,1,0,0,0,0,0,
D:\Luciano\Numerico\MecSol\FluxSol\Src\FluxSol-CAE\Qt-Tests\OpenGL\dockwidgwets\base\glwidget.cpp,GLWidget::initializeGL(),2,2,2,0,0,0,0,0,
D:\Luciano\Numerico\MecSol\FluxSol\Src\FluxSol-CAE\Qt-Tests\OpenGL\dockwidgwets\base\glwidget.cpp,GLWidget::paintGL(),5,4,4,0,1,0,0,0,
D:\Luciano\Numerico\MecSol\FluxSol\Src\FluxSol-CAE\Qt-Tests\OpenGL\dockwidgwets\base\main.cpp,"main(int argc, char *argv[])",6,5,5,1,1,0,0,0,
D:\Luciano\Numerico\MecSol\FluxSol\Src\FluxSol-CAE\Qt-Tests\OpenGL\dockwidgwets\base\mainwindow.cpp,MainWindow::MainWindow(),7,4,4,0,2,0,1,1,
D:\Luciano\Numerico\MecSol\FluxSol\Src\FluxSol-CAE\Qt-Tests\OpenGL\dockwidgwets\base\mainwindow.cpp,MainWindow::createDockWindows(),38,37,14,0,1,0,0,0,
D:\Luciano\Numerico\MecSol\FluxSol\Src\FluxSol-CAE\Qt-Tests\OpenGL\tetrahedron\main.cpp,"main(int argc, char *argv[])",11,11,10,3,0,0,0,0,
D:\Luciano\Numerico\MecSol\FluxSol\Src\FluxSol-CAE\Qt-Tests\OpenGL\tetrahedron\Tetrahedron.cpp,Tetrahedron::Tetrahedron(QWidget *parent),9,9,9,0,0,0,0,0,
D:\Luciano\Numerico\MecSol\FluxSol\Src\FluxSol-CAE\Qt-Tests\OpenGL\tetrahedron\Tetrahedron.cpp,Tetrahedron::initializeGL(),5,5,5,0,0,0,0,0,
D:\Luciano\Numerico\MecSol\FluxSol\Src\FluxSol-CAE\Qt-Tests\OpenGL\tetrahedron\Tetrahedron.cpp,Tetrahedron::paintGL(),3,3,3,0,0,0,0,0,
D:\Luciano\Numerico\MecSol\FluxSol\Src\FluxSol-CAE\Qt-Tests\OpenGL\tetrahedron\Tetrahedron.cpp,"Tetrahedron::resizeGL(int width, int height)",7,7,7,0,0,0,0,0,
D:\Luciano\Numerico\MecSol\FluxSol\Src\FluxSol-CAE\Qt-Tests\OpenGL\tetrahedron\Tetrahedron.cpp,Tetrahedron::draw(),24,24,28,2,0,0,0,0,
D:\Luciano\Numerico\MecSol\FluxSol\Src\FluxSol-CAE\Qt-Tests\OpenGL\tetrahedron\Tetrahedron.cpp,Tetrahedron::mousePressEvent(QMouseEvent *event),2,2,2,0,0,0,0,0,
D:\Luciano\Numerico\MecSol\FluxSol\Src\FluxSol-CAE\Qt-Tests\OpenGL\tetrahedron\Tetrahedron.cpp,Tetrahedron::mouseMoveEvent(QMouseEvent *event),13,13,12,1,0,0,0,0,
D:\Luciano\Numerico\MecSol\FluxSol\Src\FluxSol-CAE\Qt-Tests\OpenGL\tetrahedron\Tetrahedron.cpp,Tetrahedron::mouseDoubleClickEvent(QMouseEvent *event),9,9,7,2,0,0,0,0,
D:\Luciano\Numerico\MecSol\FluxSol\Src\FluxSol-CAE\Qt-Tests\OpenGL\tetrahedron\Tetrahedron.cpp,Tetrahedron::faceAtPosition(const QPoint &pos),19,19,18,0,0,0,0,0,
D:\Luciano\Numerico\MecSol\FluxSol\Src\FluxSol-CAE\Qt-Tests\vtk-Sphere\main.cpp,"main(int argc, char *argv[])",34,24,19,1,7,0,3,6,
D:\Luciano\Numerico\MecSol\FluxSol\Src\FluxSol-CAE\Qt-Tests\Widget\hello.cpp,"main(int argc, char *argv[])",24,19,17,1,2,0,3,9,
D:\Luciano\Numerico\MecSol\FluxSol\Src\FluxSol-CAE\Qt-Tests\Widget\main.cpp,"main(int argc, char *argv[])",4,4,4,1,0,0,0,0,
D:\Luciano\Numerico\MecSol\FluxSol\Src\FluxSol-Solver\FluxSol.cpp,"main(int argc, char *argv[])",27,20,12,2,5,2,2,22,
D:\Luciano\Numerico\MecSol\FluxSol\Src\FluxSol-Solver\FluxSol_lib.cpp,dummy(),5,2,2,1,3,0,0,0,
D:\Luciano\Numerico\MecSol\FluxSol\Src\FluxSol-Solver\Analysis\Analysis.cpp,"Analysis::Analysis( string archivo, const Fv_CC_Grid &mesh)",18,2,2,0,4,1,12,61,
D:\Luciano\Numerico\MecSol\FluxSol\Src\FluxSol-Solver\Boundary\Boundary.cpp,Patch::Patch(std::list <int> &idfaces),7,5,4,1,1,0,1,3,
D:\Luciano\Numerico\MecSol\FluxSol\Src\FluxSol-Solver\Boundary\Boundary.cpp,"Patch::Patch(const string s, std::list <int> &idfaces)",6,5,4,1,1,0,0,0,
D:\Luciano\Numerico\MecSol\FluxSol\Src\FluxSol-Solver\Boundary\Boundary.cpp,Boundary::Boundary(std::vector < Patch > patchlist),11,10,8,1,1,0,0,0,
D:\Luciano\Numerico\MecSol\FluxSol\Src\FluxSol-Solver\Examples\Ex1-Thermal-Single\Ex1-Thermal-Single.cpp,arraysizebis(const T (&v)[S]),1,1,1,0,0,0,0,0,
D:\Luciano\Numerico\MecSol\FluxSol\Src\FluxSol-Solver\Examples\Ex1-Thermal-Single\Ex1-Thermal-Single.cpp,main(),71,33,35,1,13,0,25,82,
D:\Luciano\Numerico\MecSol\FluxSol\Src\FluxSol-Solver\Examples\Ex2-CGNS-Input\Ex2-CGNS-Input.cpp,main(),110,30,29,2,20,0,60,82,
D:\Luciano\Numerico\MecSol\FluxSol\Src\FluxSol-Solver\Examples\Ex3-Conv-Diff-Single\Ex3-Conv-Diff-Single.cpp,main(),119,58,55,4,31,3,30,92,
D:\Luciano\Numerico\MecSol\FluxSol\Src\FluxSol-Solver\Examples\Ex4-Thermal-5Cells\Ex4-Thermal-5Cells.cpp,main(),89,49,46,4,25,3,15,42,
D:\Luciano\Numerico\MecSol\FluxSol\Src\FluxSol-Solver\Examples\Ex5-CFD-SIMPLE\Ex5-CFD-SIMPLE.cpp,main(),190,88,88,3,40,8,62,337,
D:\Luciano\Numerico\MecSol\FluxSol\Src\FluxSol-Solver\Examples\Ex6-CFD-SIMPLE-cgns\Ex6-CFD-SIMPLE-cgns.cpp,main(),288,131,112,16,70,9,87,452,
D:\Luciano\Numerico\MecSol\FluxSol\Src\FluxSol-Solver\Examples\Ex7-UDO-Usage\Ex7-UDO-Usage.cpp,main(),5,3,3,1,2,0,0,0,
D:\Luciano\Numerico\MecSol\FluxSol\Src\FluxSol-Solver\Examples\Ex9-Fluent-Mesh\Ex9-Fluent-Mesh.cpp,main(),13,4,4,1,6,0,3,22,
D:\Luciano\Numerico\MecSol\FluxSol\Src\FluxSol-Solver\Field\Field.cpp,Vertex_Fv_Field<T>::Vertex_Fv_Field(const Fv_CC_Grid &grid),6,5,5,0,1,0,0,0,
D:\Luciano\Numerico\MecSol\FluxSol\Src\FluxSol-Solver\Field\Field.cpp,_Field<T>::operator=(const T &val),6,6,4,2,0,0,0,0,
D:\Luciano\Numerico\MecSol\FluxSol\Src\FluxSol-Solver\Field\Field.cpp,_Field<T>::operator=(T val),6,6,4,2,0,0,0,0,
D:\Luciano\Numerico\MecSol\FluxSol\Src\FluxSol-Solver\Field\Field.cpp,_Field<T>::operator=(const double &val),6,6,4,2,0,0,0,0,
D:\Luciano\Numerico\MecSol\FluxSol\Src\FluxSol-Solver\Field\Field.cpp,"_Field<T>::_Field(const int &numval, const double &number =0.)",7,7,5,1,0,0,0,0,
D:\Luciano\Numerico\MecSol\FluxSol\Src\FluxSol-Solver\Field\Field.cpp,"MaxDiff(const _Field<T> &field1, const _Field<T> &field2)",15,11,7,4,1,0,3,13,
D:\Luciano\Numerico\MecSol\FluxSol\Src\FluxSol-Solver\Field\PatchField.cpp,_PatchField<T>::_PatchField(const Patch &p),11,9,7,1,2,0,0,0,
D:\Luciano\Numerico\MecSol\FluxSol\Src\FluxSol-Solver\Field\PatchField.cpp,"_PatchField<T>::_PatchField(const Patch &p, const T &cval)",13,10,8,1,2,0,1,5,
D:\Luciano\Numerico\MecSol\FluxSol\Src\FluxSol-Solver\Field\PatchField.cpp,_PatchField<T>::AssignValue(const T &val),6,3,2,1,1,0,2,5,
D:\Luciano\Numerico\MecSol\FluxSol\Src\FluxSol-Solver\Field\FvField.h,"operator*(const Scalar &left,const _CC_Fv_Field<T> &right)",10,9,7,2,0,0,1,11,
D:\Luciano\Numerico\MecSol\FluxSol\Src\FluxSol-Solver\Field\FvField.h,"operator*(const _Surf_Fv_Field<Scalar> &left,const _Surf_Fv_Field<T> &right)",12,9,7,2,1,0,2,19,
D:\Luciano\Numerico\MecSol\FluxSol\Src\FluxSol-Solver\Field\GeometricField.h,"operator*(const GeomField<Scalar> &left,const GeomField<T> &right)",14,10,8,2,0,0,4,17,
D:\Luciano\Numerico\MecSol\FluxSol\Src\FluxSol-Solver\Field\GeometricField.h,"operator*(const Scalar &left,const GeomField<T> &right)",14,10,8,2,0,0,4,17,
D:\Luciano\Numerico\MecSol\FluxSol\Src\FluxSol-Solver\Field\_CC_Fv_field_Def.h,_CC_Fv_Field<T>::_CC_Fv_Field(const Fv_CC_Grid &grid),15,10,8,1,2,0,3,25,
D:\Luciano\Numerico\MecSol\FluxSol\Src\FluxSol-Solver\Field\_CC_Fv_field_Def.h,"_CC_Fv_Field<T>::_CC_Fv_Field(const Fv_CC_Grid &grid, const _BoundaryField <T> &bfield)",15,10,8,1,3,0,2,19,
D:\Luciano\Numerico\MecSol\FluxSol\Src\FluxSol-Solver\FiniteVolume\FvExp.h,Interpolate(const _CC_Fv_Field <T> &field),27,14,10,3,5,0,8,39,
D:\Luciano\Numerico\MecSol\FluxSol\Src\FluxSol-Solver\FiniteVolume\FvExp.h,Div(const _CC_Fv_Field <T>& field),8,3,3,1,5,0,0,0,
D:\Luciano\Numerico\MecSol\FluxSol\Src\FluxSol-Solver\FiniteVolume\FvExp.h,Div(const _Surf_Fv_Field <T>& phi),122,13,9,3,9,0,100,287,
D:\Luciano\Numerico\MecSol\FluxSol\Src\FluxSol-Solver\FiniteVolume\Div\ConvectionScheme_Def.h,FirstOrderUpwindScheme<T>::Div(const _CC_Fv_Field<T> &),44,14,12,2,8,2,22,156,
D:\Luciano\Numerico\MecSol\FluxSol\Src\FluxSol-Solver\FiniteVolume\Div\Div.h,"FvImp::Div(GeomSurfaceField<Scalar> FluxField,_CC_Fv_Field <T> phi)",156,55,33,11,20,4,81,444,
D:\Luciano\Numerico\MecSol\FluxSol\Src\FluxSol-Solver\FiniteVolume\Div\Div.h,"FvImp::Div_CDS(GeomSurfaceField<Scalar> FluxField,_CC_Fv_Field <T> phi)",139,49,31,10,21,4,69,377,
D:\Luciano\Numerico\MecSol\FluxSol\Src\FluxSol-Solver\FiniteVolume\Div\Div.h,FvImp::Div(const _CC_Fv_Field <T> &VolField),92,3,3,1,1,1,88,286,
D:\Luciano\Numerico\MecSol\FluxSol\Src\FluxSol-Solver\FiniteVolume\Grad\FaceGrad.h,FaceGrad(_CC_Fv_Field <T> ),2,1,1,0,1,0,0,0,
D:\Luciano\Numerico\MecSol\FluxSol\Src\FluxSol-Solver\FiniteVolume\Grad\FaceGrad.h,"FaceGrad(_CC_Fv_Field <T> field, const int &idface)",12,8,8,1,2,0,2,9,
D:\Luciano\Numerico\MecSol\FluxSol\Src\FluxSol-Solver\FiniteVolume\Grad\FvExpGrad.h,Grad(const _CC_Fv_Field <T>& field),81,17,13,3,15,0,49,235,
D:\Luciano\Numerico\MecSol\FluxSol\Src\FluxSol-Solver\FiniteVolume\Grad\FvExpGrad.h,GradV(const _CC_Fv_Field <T>& field),85,16,12,3,17,0,52,253,
D:\Luciano\Numerico\MecSol\FluxSol\Src\FluxSol-Solver\FiniteVolume\Grad\FvExpGrad.h,SnGrad(_CC_Fv_Field <T> &VolField),74,21,15,4,9,3,44,131,
D:\Luciano\Numerico\MecSol\FluxSol\Src\FluxSol-Solver\FiniteVolume\Laplacian\Laplacian.cpp,"FvImp::Laplacian(_CC_Fv_Field<Scalar> fi,_CC_Fv_Field <T> &VolField)",129,57,38,11,19,7,53,271,
D:\Luciano\Numerico\MecSol\FluxSol\Src\FluxSol-Solver\FiniteVolume\Laplacian\Laplacian.h,Laplacian(_CC_Fv_Field <T> ),7,1,1,0,3,0,3,24,
D:\Luciano\Numerico\MecSol\FluxSol\Src\FluxSol-Solver\FiniteVolume\Laplacian\Laplacian.h,"FvImp::Laplacian(_Surf_Fv_Field<Scalar> fi,_CC_Fv_Field <T> &VolField)",4,3,3,1,1,0,0,0,
D:\Luciano\Numerico\MecSol\FluxSol\Src\FluxSol-Solver\FiniteVolume\Laplacian\Laplacian.h,"FvImp::Laplacian(Scalar fi,_CC_Fv_Field <T> &VolField)",105,58,37,12,12,7,35,214,
D:\Luciano\Numerico\MecSol\FluxSol\Src\FluxSol-Solver\FiniteVolume\Mesh\FvFace.cpp,"_FvFace::_FvFace(const int &Id, std::vector<int> &idverts,const vector <_Vertex> &verts, vector <Node> & nodospn, bool bf)",74,34,28,4,15,2,25,158,
D:\Luciano\Numerico\MecSol\FluxSol\Src\FluxSol-Solver\FiniteVolume\Mesh\FvGrid.cpp,"max_int(const T& a, const T& b)",2,2,2,1,0,1,0,6,
D:\Luciano\Numerico\MecSol\FluxSol\Src\FluxSol-Solver\FiniteVolume\Mesh\FvGrid.cpp,"Fv_CC_Grid::Fv_CC_Grid(const int &nex,const int &ney,const double &lx,const double &ly)",15,11,11,0,1,0,3,13,
D:\Luciano\Numerico\MecSol\FluxSol\Src\FluxSol-Solver\FiniteVolume\Mesh\FvGrid.cpp,FluxSol::Fv_CC_Grid::PushCell(const std::vector <int> &vc),4,4,4,0,0,0,0,0,
D:\Luciano\Numerico\MecSol\FluxSol\Src\FluxSol-Solver\FiniteVolume\Mesh\FvGrid.cpp,FluxSol::Fv_CC_Grid::Log(string s),89,74,61,9,10,2,5,42,
D:\Luciano\Numerico\MecSol\FluxSol\Src\FluxSol-Solver\FiniteVolume\Mesh\FvGrid.cpp,FluxSol::Fv_CC_Grid::CreateNodeFromCellVerts(const int &cellid),16,11,9,2,3,0,2,12,
D:\Luciano\Numerico\MecSol\FluxSol\Src\FluxSol-Solver\FiniteVolume\Mesh\FvGrid.cpp,"Fv_CC_Grid::Fv_CC_Grid(vector <_Vertex> &vvert,vector <Cell_CC> &vcell, Boundary &bound)",38,17,13,5,9,1,12,78,
D:\Luciano\Numerico\MecSol\FluxSol\Src\FluxSol-Solver\FiniteVolume\Mesh\FvGrid.cpp,Fv_CC_Grid::AssignNeigboursCells(),40,28,15,6,3,0,9,48,
D:\Luciano\Numerico\MecSol\FluxSol\Src\FluxSol-Solver\FiniteVolume\Mesh\FvGrid.cpp,Fv_CC_Grid::Iniciar_Caras(),196,95,80,10,32,19,69,506,
D:\Luciano\Numerico\MecSol\FluxSol\Src\FluxSol-Solver\FiniteVolume\Mesh\FvGrid.cpp,Fv_CC_Grid::Init_Faces(),232,116,95,9,43,13,73,307,
D:\Luciano\Numerico\MecSol\FluxSol\Src\FluxSol-Solver\FiniteVolume\Mesh\FvGrid.cpp,Fv_CC_Grid::FaceVertsMap()const,14,9,7,2,5,0,0,0,
D:\Luciano\Numerico\MecSol\FluxSol\Src\FluxSol-Solver\FiniteVolume\Mesh\FvGrid.cpp,Fv_CC_Grid::CalcCellVolumes(),17,12,8,2,3,0,2,3,
D:\Luciano\Numerico\MecSol\FluxSol\Src\FluxSol-Solver\FiniteVolume\Mesh\FvGrid.cpp,Fv_CC_Grid::Sf() const,12,8,6,2,2,0,2,9,
D:\Luciano\Numerico\MecSol\FluxSol\Src\FluxSol-Solver\FiniteVolume\Mesh\FvGrid.cpp,Fv_CC_Grid::Read_CGNS(),228,137,97,25,43,9,48,219,
D:\Luciano\Numerico\MecSol\FluxSol\Src\FluxSol-Solver\Input\Input.cpp,InputFile::InputFile(void),2,2,2,0,0,0,0,0,
D:\Luciano\Numerico\MecSol\FluxSol\Src\FluxSol-Solver\Input\Input.cpp,InputFile::InputFile(string filename),3,3,3,0,0,0,0,0,
D:\Luciano\Numerico\MecSol\FluxSol\Src\FluxSol-Solver\Input\Input.cpp,InputFile::setFile(string fName),30,23,20,3,2,0,5,35,
D:\Luciano\Numerico\MecSol\FluxSol\Src\FluxSol-Solver\Input\Input.cpp,"InputFile::read(string sectionName, int number)",15,13,11,2,2,0,0,0,
D:\Luciano\Numerico\MecSol\FluxSol\Src\FluxSol-Solver\Input\Input.cpp,"InputFile::readSection(string sectionName, int number)",46,28,24,8,7,2,11,61,
D:\Luciano\Numerico\MecSol\FluxSol\Src\FluxSol-Solver\Input\Input.cpp,InputFile::readSubsection(Subsection &sub),16,12,11,3,1,1,3,18,
D:\Luciano\Numerico\MecSol\FluxSol\Src\FluxSol-Solver\Input\Input.cpp,InputBaseContainer::readEntries(void),136,116,94,23,1,14,19,145,
D:\Luciano\Numerico\MecSol\FluxSol\Src\FluxSol-Solver\Input\Input.cpp,InputFile::stripComments(string &data),4,4,4,2,0,0,0,0,
D:\Luciano\Numerico\MecSol\FluxSol\Src\FluxSol-Solver\Input\Input.cpp,InputFile::strip_white_spaces(string &data),7,7,6,2,0,0,0,0,
D:\Luciano\Numerico\MecSol\FluxSol\Src\FluxSol-Solver\Input\Input.cpp,"extract_in_between(string &data, string begin, string end, string &result,bool check_char_before, string acceptList)",32,26,22,8,1,0,5,48,
D:\Luciano\Numerico\MecSol\FluxSol\Src\FluxSol-Solver\Input\Input.cpp,"number_of_occurances(string haystack, string needle)",10,10,9,2,0,0,0,0,
D:\Luciano\Numerico\MecSol\FluxSol\Src\FluxSol-Solver\Input\Input.cpp,"StringExplode(string str, string separator, vector<string>* results)",13,13,10,3,0,0,0,0,
D:\Luciano\Numerico\MecSol\FluxSol\Src\FluxSol-Solver\Input\Input.cpp,InputFile::read_inputs(void),169,36,36,0,18,1,115,162,
D:\Luciano\Numerico\MecSol\FluxSol\Src\FluxSol-Solver\Input\Input.cpp,InputFile::ReadEqnType(),5,3,3,1,2,0,0,0,
D:\Luciano\Numerico\MecSol\FluxSol\Src\FluxSol-Solver\Input\Input.cpp,InputFile::ReadEqnSys(const Fv_CC_Grid &mesh),21,15,13,2,6,2,0,26,
D:\Luciano\Numerico\MecSol\FluxSol\Src\FluxSol-Solver\Input\Input.cpp,InputFile::UField(),48,32,24,5,8,5,8,55,
D:\Luciano\Numerico\MecSol\FluxSol\Src\FluxSol-Solver\Input\Input.cpp,InputFile::pField(),48,32,24,5,8,5,8,56,
D:\Luciano\Numerico\MecSol\FluxSol\Src\FluxSol-Solver\Input\Input.cpp,InputFile::ReadBCs(),82,64,44,5,15,5,3,38,
D:\Luciano\Numerico\MecSol\FluxSol\Src\FluxSol-Solver\Input\Input.h,"operator<<(ostream &output,const entry<T> &right)",3,3,3,1,0,0,0,0,
D:\Luciano\Numerico\MecSol\FluxSol\Src\FluxSol-Solver\Input\Read_Field_Def.h,"ReadFieldFromInput(InputFile &input, _CC_Fv_Field<T> &field, Fv_CC_Grid &grid)",53,27,22,2,15,1,11,49,
D:\Luciano\Numerico\MecSol\FluxSol\Src\FluxSol-Solver\Input\Read_Field_Def.h,"ReadFieldNameFromInput(InputFile &input, _CC_Fv_Field<T> &field, Fv_CC_Grid &grid, string &varname)",53,27,22,2,15,1,11,49,
D:\Luciano\Numerico\MecSol\FluxSol\Src\FluxSol-Solver\Input\Read_Field_Def.h,"ReadVelocityFieldFromInput(InputFile &input, _CC_Fv_Field<T> &field, Fv_CC_Grid &grid)",50,23,20,2,16,1,11,49,
D:\Luciano\Numerico\MecSol\FluxSol\Src\FluxSol-Solver\Interpolation\CenterToFaceInterpolation_Def.h,CenterToFaceInterpolation<T>::Interpolate(),3,2,2,1,1,0,0,0,
D:\Luciano\Numerico\MecSol\FluxSol\Src\FluxSol-Solver\Interpolation\CenterToFaceInterpolation_Def.h,CenterToFaceInterpolation<T>::Interpolate(const _CC_Fv_Field <T> &fi),23,15,11,2,5,0,3,9,
D:\Luciano\Numerico\MecSol\FluxSol\Src\FluxSol-Solver\Interpolation\CenterToVertexInterpolation_Def.h,CenterToVertexInterpolation<T>::Interpolate(_CC_Fv_Field<T> &field),114,68,48,13,19,3,27,144,
D:\Luciano\Numerico\MecSol\FluxSol\Src\FluxSol-Solver\Interpolation\CenterToVertexInterpolation_Def.h,CenterToVertexInterpolation<T>::FaceInterpolate(const _CC_Fv_Field <T> &fi),21,14,10,3,4,0,3,9,
D:\Luciano\Numerico\MecSol\FluxSol\Src\FluxSol-Solver\Materials\Materials.cpp,SetMaterials(),72,65,50,7,7,2,0,7,
D:\Luciano\Numerico\MecSol\FluxSol\Src\FluxSol-Solver\Materials\Materials.cpp,MaterialsDB::MaterialsDB(const string &file),71,63,48,6,8,1,0,4,
D:\Luciano\Numerico\MecSol\FluxSol\Src\FluxSol-Solver\Mesh\Cell.cpp,_Cell::_Cell(),2,2,2,0,0,0,0,0,
D:\Luciano\Numerico\MecSol\FluxSol\Src\FluxSol-Solver\Mesh\Cell.cpp,_Cell::_Cell(vector <int> conect),3,3,3,0,0,0,0,0,
D:\Luciano\Numerico\MecSol\FluxSol\Src\FluxSol-Solver\Mesh\Cell.cpp,"_Cell::_Cell(const int &Id, std::vector<int> conect)",6,5,5,0,1,0,0,0,
D:\Luciano\Numerico\MecSol\FluxSol\Src\FluxSol-Solver\Mesh\Cell.cpp,_Cell::Log(),2,1,1,0,1,0,0,0,
D:\Luciano\Numerico\MecSol\FluxSol\Src\FluxSol-Solver\Mesh\Cell.cpp,_Cell::Conect(const vector<int> c),3,3,3,0,0,0,0,0,
D:\Luciano\Numerico\MecSol\FluxSol\Src\FluxSol-Solver\Mesh\Cell.cpp,_Cell::Imprimir_Conect(),8,7,6,2,1,0,0,0,
D:\Luciano\Numerico\MecSol\FluxSol\Src\FluxSol-Solver\Mesh\Cell.cpp,_Cell::GlobalVertFace(const int &nf),77,68,59,10,5,9,4,64,
D:\Luciano\Numerico\MecSol\FluxSol\Src\FluxSol-Solver\Mesh\Face.cpp,"_Face::_Face(const vector<int> & cells, const vector<int> & verts)",6,3,3,0,1,0,2,18,
D:\Luciano\Numerico\MecSol\FluxSol\Src\FluxSol-Solver\Mesh\Face.cpp,"_Face::_Face(const int &Id, const vector <_Vertex> &verts)",10,6,6,0,3,1,1,8,
D:\Luciano\Numerico\MecSol\FluxSol\Src\FluxSol-Solver\Mesh\Face.cpp,CalcNormal(const vector <_Vertex> &verts),20,10,8,2,2,0,8,40,
D:\Luciano\Numerico\MecSol\FluxSol\Src\FluxSol-Solver\Mesh\FluentMesh.cpp,FluentMesh::FluentMesh(const string &file),48,34,30,4,11,0,3,18,
D:\Luciano\Numerico\MecSol\FluxSol\Src\FluxSol-Solver\Mesh\FluentMesh.cpp,process_nodes(const vector<string> &data),74,51,45,7,17,0,6,23,
D:\Luciano\Numerico\MecSol\FluxSol\Src\FluxSol-Solver\Mesh\FluentMesh.cpp,process_cells(const vector<string> &data),86,68,60,7,18,0,0,0,
D:\Luciano\Numerico\MecSol\FluxSol\Src\FluxSol-Solver\Mesh\FluentMesh.cpp,"cells_connectivity(const vector< vector<int> > &raw_connect, const int &cellqty)",155,114,79,27,35,0,6,23,
D:\Luciano\Numerico\MecSol\FluxSol\Src\FluxSol-Solver\Mesh\Grid.cpp,_Grid::Num_Verts(const int &nv),2,2,2,0,0,0,0,0,
D:\Luciano\Numerico\MecSol\FluxSol\Src\FluxSol-Solver\Mesh\Grid.cpp,"_Grid::_Grid(const int &nex, const int &ney)",8,8,8,0,0,0,0,0,
D:\Luciano\Numerico\MecSol\FluxSol\Src\FluxSol-Solver\Mesh\Grid.cpp,_Grid::Verts(vector<int> indvert),13,9,7,2,0,3,4,41,
D:\Luciano\Numerico\MecSol\FluxSol\Src\FluxSol-Solver\Mesh\Grid.cpp,_Grid::Iniciar_Caras(),104,1,1,0,8,0,95,362,
D:\Luciano\Numerico\MecSol\FluxSol\Src\FluxSol-Solver\Mesh\Grid.cpp,_Grid::Log_Verts(),7,5,3,1,1,0,1,10,
D:\Luciano\Numerico\MecSol\FluxSol\Src\FluxSol-Solver\Mesh\Grid.cpp,_Grid::Log(),7,1,1,0,1,0,5,11,
D:\Luciano\Numerico\MecSol\FluxSol\Src\FluxSol-Solver\Mesh\Grid.cpp,_Grid::Trace(),4,1,1,0,0,0,3,3,
D:\Luciano\Numerico\MecSol\FluxSol\Src\FluxSol-Solver\Mesh\MeshInfo.cpp,"MeshInfo::MeshInfo(const string name, _Grid &malla)",15,10,8,1,5,0,0,0,
D:\Luciano\Numerico\MecSol\FluxSol\Src\FluxSol-Solver\Mesh\Node.cpp,"FluxSol::Node::Node(const int &i, const int &sc, vector<double> &coord)",4,4,4,0,0,0,0,0,
D:\Luciano\Numerico\MecSol\FluxSol\Src\FluxSol-Solver\Mesh\Node.cpp,FluxSol::Node::Node_Cargar_Ubic(const int u),2,2,2,0,0,0,0,0,
D:\Luciano\Numerico\MecSol\FluxSol\Src\FluxSol-Solver\Mesh\ReadCGNS (Copia en conflicto de Luciano Buglioni 2015-01-29).cpp,_Grid::Read_InitialCGNS(),312,233,186,56,38,13,41,316,
D:\Luciano\Numerico\MecSol\FluxSol\Src\FluxSol-Solver\Mesh\ReadCGNS (Copia en conflicto de Luciano Buglioni 2015-01-29).cpp,_Grid::Read_CGNS(),2,1,1,0,1,0,0,0,
D:\Luciano\Numerico\MecSol\FluxSol\Src\FluxSol-Solver\Mesh\ReadCGNS.cpp,_Grid::Read_InitialCGNS(),324,239,192,57,39,14,46,335,
D:\Luciano\Numerico\MecSol\FluxSol\Src\FluxSol-Solver\Mesh\ReadCGNS.cpp,_Grid::Read_CGNS(),2,1,1,0,1,0,0,0,
D:\Luciano\Numerico\MecSol\FluxSol\Src\FluxSol-Solver\Mesh\Grid.h,"Insertar_Cell(std::vector <int> con, T& t)",2,2,2,0,0,0,0,0,
D:\Luciano\Numerico\MecSol\FluxSol\Src\FluxSol-Solver\Mesh\Structured.h,"GenerarMallaRectangular(const double &lex,const double &ley, T& t)",61,44,33,6,8,8,9,89,
D:\Luciano\Numerico\MecSol\FluxSol\Src\FluxSol-Solver\Model\Model.cpp,Model::Model(const std::string filename),37,23,17,2,8,1,6,29,
D:\Luciano\Numerico\MecSol\FluxSol\Src\FluxSol-Solver\Model\Model.cpp,CFDModel::CFDModel(const std::string s),3,3,3,0,0,0,0,0,
D:\Luciano\Numerico\MecSol\FluxSol\Src\FluxSol-Solver\Model\Model.cpp,CFDModel::InitFields(),49,17,15,1,15,2,17,58,
D:\Luciano\Numerico\MecSol\FluxSol\Src\FluxSol-Solver\Model\Model.cpp,CFDModel::Solve(),379,160,143,12,101,9,118,523,
D:\Luciano\Numerico\MecSol\FluxSol\Src\FluxSol-Solver\Model\Model.cpp,CFDModel::WriteOutput(),2,1,1,0,1,0,0,0,
D:\Luciano\Numerico\MecSol\FluxSol\Src\FluxSol-Solver\Model\Model.cpp,CFDModel::Extract_Cells_and_BoundaryFromNastran(),65,6,6,0,7,1,52,134,
D:\Luciano\Numerico\MecSol\FluxSol\Src\FluxSol-Solver\Nastran\Cadenas.cpp,stringadouble(string Text),5,4,4,2,1,0,0,0,
D:\Luciano\Numerico\MecSol\FluxSol\Src\FluxSol-Solver\Nastran\Cadenas.cpp,dobleastring_alineado(const double &val),130,91,63,20,16,15,23,303,
D:\Luciano\Numerico\MecSol\FluxSol\Src\FluxSol-Solver\Nastran\Cadenas.cpp,intastring_alineado(const int &val),19,14,12,2,3,1,2,13,
D:\Luciano\Numerico\MecSol\FluxSol\Src\FluxSol-Solver\Nastran\Cadenas.cpp,"Leer_Hasta_Caracter(const string cad, char ch)",16,15,11,4,1,0,0,0,
D:\Luciano\Numerico\MecSol\FluxSol\Src\FluxSol-Solver\Nastran\Caract.cpp,"Caract::Caract(const double &mu,const double &po)",3,3,3,0,0,0,0,0,
D:\Luciano\Numerico\MecSol\FluxSol\Src\FluxSol-Solver\Nastran\Caract.cpp,Caract::Caract(),1,1,1,0,0,0,0,0,
D:\Luciano\Numerico\MecSol\FluxSol\Src\FluxSol-Solver\Nastran\Caract.cpp,Caract::VerMu(),2,2,2,1,0,0,0,0,
D:\Luciano\Numerico\MecSol\FluxSol\Src\FluxSol-Solver\Nastran\Caract.cpp,Caract::VerPo(),2,2,2,1,0,0,0,0,
D:\Luciano\Numerico\MecSol\FluxSol\Src\FluxSol-Solver\Nastran\Elementos.cpp,Elemento::Elemento(),3,2,2,0,1,0,0,0,
D:\Luciano\Numerico\MecSol\FluxSol\Src\FluxSol-Solver\Nastran\Elementos.cpp,CBush::CBush(),1,1,1,0,0,0,0,0,
D:\Luciano\Numerico\MecSol\FluxSol\Src\FluxSol-Solver\Nastran\Elementos.cpp,"CBush::CBush(const int &i, vector <int> nodos)",3,3,3,0,0,0,0,0,
D:\Luciano\Numerico\MecSol\FluxSol\Src\FluxSol-Solver\Nastran\Elementos.cpp,"Elemento::Iniciar_Prop(const int &i, const int &pos)",3,3,3,0,0,0,0,0,
D:\Luciano\Numerico\MecSol\FluxSol\Src\FluxSol-Solver\Nastran\Elementos.cpp,Elemento::Iniciar_Prop_Modif(const int &v),2,2,2,0,0,0,0,0,
D:\Luciano\Numerico\MecSol\FluxSol\Src\FluxSol-Solver\Nastran\Elementos.cpp,Elemento::Ver_Prop_Modif(),2,2,2,1,0,0,0,0,
D:\Luciano\Numerico\MecSol\FluxSol\Src\FluxSol-Solver\Nastran\Elementos.cpp,Elemento::Ver_Pos_Nastran(),2,2,2,1,0,0,0,0,
D:\Luciano\Numerico\MecSol\FluxSol\Src\FluxSol-Solver\Nastran\Elementos.cpp,Elemento::Pos_Nastran(const int &p),2,2,2,0,0,0,0,0,
D:\Luciano\Numerico\MecSol\FluxSol\Src\FluxSol-Solver\Nastran\Elementos.cpp,Elemento::Iniciar_Nodo_Master(const int &n),2,2,2,0,0,0,0,0,
D:\Luciano\Numerico\MecSol\FluxSol\Src\FluxSol-Solver\Nastran\Elementos.cpp,Elemento::Nodo_Master(),2,2,2,1,0,0,0,0,
D:\Luciano\Numerico\MecSol\FluxSol\Src\FluxSol-Solver\Nastran\Elementos.cpp,Elemento::Pos_prop(),2,2,2,1,0,0,0,0,
D:\Luciano\Numerico\MecSol\FluxSol\Src\FluxSol-Solver\Nastran\Elementos.cpp,CBush::Iniciar_Caract(const int &i),2,2,2,0,0,0,0,0,
D:\Luciano\Numerico\MecSol\FluxSol\Src\FluxSol-Solver\Nastran\Elementos.cpp,Elemento::VerId(),2,2,2,1,0,0,0,0,
D:\Luciano\Numerico\MecSol\FluxSol\Src\FluxSol-Solver\Nastran\Elementos.cpp,Rigid::Rigid(),1,1,1,0,0,0,0,0,
D:\Luciano\Numerico\MecSol\FluxSol\Src\FluxSol-Solver\Nastran\Elementos.cpp,"Rigid::Rigid(const int &i, vector <int> nodos,bool es_spider)",4,4,4,0,0,0,0,0,
D:\Luciano\Numerico\MecSol\FluxSol\Src\FluxSol-Solver\Nastran\Elementos.cpp,Rigid::Es_Spider(),5,5,3,3,0,0,0,0,
D:\Luciano\Numerico\MecSol\FluxSol\Src\FluxSol-Solver\Nastran\Elementos.cpp,Elemento::Conect(),2,2,2,1,0,0,0,0,
D:\Luciano\Numerico\MecSol\FluxSol\Src\FluxSol-Solver\Nastran\Elementos.cpp,CBush::Iniciar_Es_Estructural(bool es),2,2,2,0,0,0,0,0,
D:\Luciano\Numerico\MecSol\FluxSol\Src\FluxSol-Solver\Nastran\Elementos.cpp,CBush::Iniciar_Es_Estructural(),2,2,2,1,0,0,0,0,
D:\Luciano\Numerico\MecSol\FluxSol\Src\FluxSol-Solver\Nastran\Elementos.cpp,Elemento::VerConect_Int(),6,5,4,2,1,0,0,0,
D:\Luciano\Numerico\MecSol\FluxSol\Src\FluxSol-Solver\Nastran\Elementos.cpp,Elemento::Conect_int(),5,5,4,2,0,0,0,0,
D:\Luciano\Numerico\MecSol\FluxSol\Src\FluxSol-Solver\Nastran\Elementos.cpp,Elemento::Asignar_Conect_Interna(vector <int> v),2,2,2,0,0,0,0,0,
D:\Luciano\Numerico\MecSol\FluxSol\Src\FluxSol-Solver\Nastran\Elementos.cpp,Elemento::Asignar_Prop(const int &id),2,2,2,0,0,0,0,0,
D:\Luciano\Numerico\MecSol\FluxSol\Src\FluxSol-Solver\Nastran\Elementos.cpp,Elemento::Linea_Nastran(),2,2,2,1,0,0,0,0,
D:\Luciano\Numerico\MecSol\FluxSol\Src\FluxSol-Solver\Nastran\Elementos.cpp,Elemento::Iniciar_Fila_Nastran(const int &f),2,2,2,0,0,0,0,0,
D:\Luciano\Numerico\MecSol\FluxSol\Src\FluxSol-Solver\Nastran\Elementos.cpp,Elemento::Asignar_Conect_Nastran(vector <int> v),2,2,2,0,0,0,0,0,
D:\Luciano\Numerico\MecSol\FluxSol\Src\FluxSol-Solver\Nastran\Elementos.cpp,CBush::IniciarOri(int i),2,2,2,0,0,0,0,0,
D:\Luciano\Numerico\MecSol\FluxSol\Src\FluxSol-Solver\Nastran\Elementos.cpp,CBush::VerOri(),2,2,2,1,0,0,0,0,
D:\Luciano\Numerico\MecSol\FluxSol\Src\FluxSol-Solver\Nastran\Elementos.cpp,Elemento::This(),2,2,2,1,0,0,0,0,
D:\Luciano\Numerico\MecSol\FluxSol\Src\FluxSol-Solver\Nastran\Elementos.cpp,CBush::Ver_Caract(),2,2,2,1,0,0,0,0,
D:\Luciano\Numerico\MecSol\FluxSol\Src\FluxSol-Solver\Nastran\Elementos.cpp,Elemento::VerPid(),2,2,2,1,0,0,0,0,
D:\Luciano\Numerico\MecSol\FluxSol\Src\FluxSol-Solver\Nastran\Elementos.cpp,"Elemento::Iniciar_Nastran(const int &i, vector <int> nodos_nastran)",3,3,3,0,0,0,0,0,
D:\Luciano\Numerico\MecSol\FluxSol\Src\FluxSol-Solver\Nastran\Elementos.cpp,Elemento::Leer_String(const std::string cad),55,31,18,6,13,9,11,139,
D:\Luciano\Numerico\MecSol\FluxSol\Src\FluxSol-Solver\Nastran\Elementos.cpp,Elemento::Leer_StringVec(const std::vector <string> vcad),85,59,35,11,18,10,8,131,
D:\Luciano\Numerico\MecSol\FluxSol\Src\FluxSol-Solver\Nastran\Material.cpp,Material::~Material(),1,1,1,0,0,0,0,0,
D:\Luciano\Numerico\MecSol\FluxSol\Src\FluxSol-Solver\Nastran\Material.cpp,Material::VerId(),2,2,2,1,0,0,0,0,
D:\Luciano\Numerico\MecSol\FluxSol\Src\FluxSol-Solver\Nastran\Material.cpp,"Material::Material(Caract c, const int &i,const double &h, const double &p, const double &area)",9,7,7,0,1,1,1,10,
D:\Luciano\Numerico\MecSol\FluxSol\Src\FluxSol-Solver\Nastran\Material.cpp,Material::Ver_Sy(),2,2,2,1,0,0,0,0,
D:\Luciano\Numerico\MecSol\FluxSol\Src\FluxSol-Solver\Nastran\Material.cpp,Material::Ver_Et(),2,2,2,1,0,0,0,0,
D:\Luciano\Numerico\MecSol\FluxSol\Src\FluxSol-Solver\Nastran\Material.cpp,Material::This(),2,2,2,1,0,0,0,0,
D:\Luciano\Numerico\MecSol\FluxSol\Src\FluxSol-Solver\Nastran\Material.cpp,Material::Crear_strings(),18,17,17,0,0,5,1,20,
D:\Luciano\Numerico\MecSol\FluxSol\Src\FluxSol-Solver\Nastran\Material.cpp,Material::Cadena_Bilineal(),2,2,2,1,0,0,0,0,
D:\Luciano\Numerico\MecSol\FluxSol\Src\FluxSol-Solver\Nastran\Modelo.cpp,Modelo::Modelo(string cad),23,17,17,0,2,1,4,17,
D:\Luciano\Numerico\MecSol\FluxSol\Src\FluxSol-Solver\Nastran\Modelo.cpp,Modelo::Lectura_Rapida(string cad),11,8,8,0,0,1,3,20,
D:\Luciano\Numerico\MecSol\FluxSol\Src\FluxSol-Solver\Nastran\Modelo.cpp,Modelo::~Modelo(),2,1,1,0,1,0,0,0,
D:\Luciano\Numerico\MecSol\FluxSol\Src\FluxSol-Solver\Nastran\Modelo.cpp,Modelo::Leer_Elementos(),44,31,24,3,10,2,3,15,
D:\Luciano\Numerico\MecSol\FluxSol\Src\FluxSol-Solver\Nastran\Modelo.cpp,Modelo::Asociar_Ids_Nodos(),47,25,18,4,7,0,15,38,
D:\Luciano\Numerico\MecSol\FluxSol\Src\FluxSol-Solver\Nastran\Modelo.cpp,Modelo::Asociar_Ids_Scs(),14,14,8,3,0,0,0,0,
D:\Luciano\Numerico\MecSol\FluxSol\Src\FluxSol-Solver\Nastran\Modelo.cpp,Modelo::Escribir_hasta_nodos(),6,6,6,0,0,2,0,12,
D:\Luciano\Numerico\MecSol\FluxSol\Src\FluxSol-Solver\Nastran\Modelo.cpp,Modelo::Escribir_desde_fin_nodos(),6,6,6,0,0,0,0,0,
D:\Luciano\Numerico\MecSol\FluxSol\Src\FluxSol-Solver\Nastran\Modelo.cpp,Modelo::MaxId_Nodos(),9,9,6,3,0,0,0,0,
D:\Luciano\Numerico\MecSol\FluxSol\Src\FluxSol-Solver\Nastran\Modelo.cpp,Modelo::MaxId_Nodos_Sin_Leer(),16,13,11,3,3,0,0,0,
D:\Luciano\Numerico\MecSol\FluxSol\Src\FluxSol-Solver\Nastran\Modelo.cpp,Modelo::MaxId_Elem_Sin_Leer(),20,19,15,4,1,0,0,0,
D:\Luciano\Numerico\MecSol\FluxSol\Src\FluxSol-Solver\Nastran\Modelo.cpp,Modelo::MaxId_Elems(),18,16,10,5,2,0,0,0,
D:\Luciano\Numerico\MecSol\FluxSol\Src\FluxSol-Solver\Nastran\Modelo.cpp,Modelo::Escribir_strings_Nodos_EdgeClamps(),3,2,2,0,1,0,0,0,
D:\Luciano\Numerico\MecSol\FluxSol\Src\FluxSol-Solver\Nastran\Modelo.cpp,Modelo::String_Eclamps(),2,2,2,1,0,0,0,0,
D:\Luciano\Numerico\MecSol\FluxSol\Src\FluxSol-Solver\Nastran\Modelo.cpp,Modelo::String_PBUSH_Modif(),2,2,2,1,0,0,0,0,
D:\Luciano\Numerico\MecSol\FluxSol\Src\FluxSol-Solver\Nastran\Modelo.cpp,Modelo::String_CRods(),2,2,2,1,0,0,0,0,
D:\Luciano\Numerico\MecSol\FluxSol\Src\FluxSol-Solver\Nastran\Modelo.cpp,Modelo::String_RBEs(),2,2,2,1,0,0,0,0,
D:\Luciano\Numerico\MecSol\FluxSol\Src\FluxSol-Solver\Nastran\Modelo.cpp,Modelo::String_RBEs_Centrales(),2,2,2,1,0,0,0,0,
D:\Luciano\Numerico\MecSol\FluxSol\Src\FluxSol-Solver\Nastran\Modelo.cpp,Modelo::Num_Cbush(),2,2,2,1,0,0,0,0,
D:\Luciano\Numerico\MecSol\FluxSol\Src\FluxSol-Solver\Nastran\Modelo.cpp,Modelo::String_PRods(),2,2,2,1,0,0,0,0,
D:\Luciano\Numerico\MecSol\FluxSol\Src\FluxSol-Solver\Nastran\Modelo.cpp,Modelo::String_Mats(),2,2,2,1,0,0,0,0,
D:\Luciano\Numerico\MecSol\FluxSol\Src\FluxSol-Solver\Nastran\Modelo.cpp,Modelo::VerId_CBush_Int(const int &idnastran),6,6,3,3,0,0,0,0,
D:\Luciano\Numerico\MecSol\FluxSol\Src\FluxSol-Solver\Nastran\Modelo.cpp,Modelo::Leer_FriccionPrecarga_CBush(string cad),42,37,29,6,3,2,2,21,
D:\Luciano\Numerico\MecSol\FluxSol\Src\FluxSol-Solver\Nastran\Modelo.cpp,Modelo::Iniciar_PRod_Segun_Caracteristicas(int &maxipbush),11,8,6,1,2,0,1,10,
D:\Luciano\Numerico\MecSol\FluxSol\Src\FluxSol-Solver\Nastran\Modelo.cpp,Modelo::Iniciar_CRodsArea(const double &area),2,2,2,0,0,0,0,0,
D:\Luciano\Numerico\MecSol\FluxSol\Src\FluxSol-Solver\Nastran\Modelo.cpp,Modelo::Escribir_RBEs_Centrales(),2,2,2,0,0,0,0,0,
D:\Luciano\Numerico\MecSol\FluxSol\Src\FluxSol-Solver\Nastran\Modelo.cpp,Modelo::Escribir_RBEs_Centrales_Alin_CRODs(),2,2,2,0,0,0,0,0,
D:\Luciano\Numerico\MecSol\FluxSol\Src\FluxSol-Solver\Nastran\Modelo.cpp,Modelo::String_RBEs_Alin_CRODS(),2,2,2,1,0,0,0,0,
D:\Luciano\Numerico\MecSol\FluxSol\Src\FluxSol-Solver\Nastran\Modelo.cpp,Modelo::Escribir_Materiales_Bilineal(),7,7,5,1,0,0,0,0,
D:\Luciano\Numerico\MecSol\FluxSol\Src\FluxSol-Solver\Nastran\Modelo.cpp,Modelo::Igualar_Agregados(const Modelo &m),2,1,1,0,1,0,0,0,
D:\Luciano\Numerico\MecSol\FluxSol\Src\FluxSol-Solver\Nastran\Modelo.cpp,Modelo::Linea_Nastran(const int &pos),2,2,2,1,0,0,0,0,
D:\Luciano\Numerico\MecSol\FluxSol\Src\FluxSol-Solver\Nastran\Modelo.cpp,Modelo::Leer_Elementos_String(),27,13,7,3,9,0,5,20,
D:\Luciano\Numerico\MecSol\FluxSol\Src\FluxSol-Solver\Nastran\Modelo.cpp,Modelo::Leer_Elementos_String_Mejorado(),54,33,21,6,11,0,10,68,
D:\Luciano\Numerico\MecSol\FluxSol\Src\FluxSol-Solver\Nastran\Modelo.cpp,Modelo::Buscar_Nodos_Aislados(),62,39,23,10,15,4,8,94,
D:\Luciano\Numerico\MecSol\FluxSol\Src\FluxSol-Solver\Nastran\Modelo.cpp,Modelo::Convert_VertexVector(),10,8,6,2,2,0,0,0,
D:\Luciano\Numerico\MecSol\FluxSol\Src\FluxSol-Solver\Nastran\Nastran.cpp,Archivo::Archivo(),1,1,1,0,0,0,0,0,
D:\Luciano\Numerico\MecSol\FluxSol\Src\FluxSol-Solver\Nastran\Nastran.cpp,Archivo::Buscar_ini_fin(string cadena),45,33,21,8,7,1,5,27,
D:\Luciano\Numerico\MecSol\FluxSol\Src\FluxSol-Solver\Nastran\Nastran.cpp,Archivo::Buscar_num_com(string cadena),9,8,5,3,0,1,1,10,
D:\Luciano\Numerico\MecSol\FluxSol\Src\FluxSol-Solver\Nastran\Nastran.cpp,Archivo::Iniciar(string cad),24,21,15,2,1,2,2,13,
D:\Luciano\Numerico\MecSol\FluxSol\Src\FluxSol-Solver\Nastran\Nastran.cpp,Archivo::Buscar_pos_nodos(),2,2,2,0,0,0,0,0,
D:\Luciano\Numerico\MecSol\FluxSol\Src\FluxSol-Solver\Nastran\Nastran.cpp,Archivo::Leer_Nodos(),66,46,35,7,5,5,15,124,
D:\Luciano\Numerico\MecSol\FluxSol\Src\FluxSol-Solver\Nastran\Nastran.cpp,Archivo::Leer_SistCoord(),40,29,21,7,9,0,2,19,
D:\Luciano\Numerico\MecSol\FluxSol\Src\FluxSol-Solver\Nastran\Nastran.cpp,Archivo::Buscar_numnodos(),3,3,3,1,0,0,0,0,
D:\Luciano\Numerico\MecSol\FluxSol\Src\FluxSol-Solver\Nastran\Nastran.cpp,Archivo::Cadena(),2,2,2,1,0,0,0,0,
D:\Luciano\Numerico\MecSol\FluxSol\Src\FluxSol-Solver\Nastran\Nastran.cpp,"Archivo_sal::Escribir_Parte_cadena(const vector<string> cad,const vector <int> pos)",5,5,3,1,0,0,0,0,
D:\Luciano\Numerico\MecSol\FluxSol\Src\FluxSol-Solver\Nastran\Nastran.cpp,Archivo_sal::Escribir_cadenas(const vector<string> cad),6,6,4,1,0,0,0,0,
D:\Luciano\Numerico\MecSol\FluxSol\Src\FluxSol-Solver\Nastran\Nastran.cpp,Archivo_sal::Escribir_cadena(const string cad),2,2,2,0,0,0,0,0,
D:\Luciano\Numerico\MecSol\FluxSol\Src\FluxSol-Solver\Nastran\Nastran.cpp,Archivo_sal::Archivo_sal(),1,1,1,0,0,0,0,0,
D:\Luciano\Numerico\MecSol\FluxSol\Src\FluxSol-Solver\Nastran\Nastran.cpp,Archivo_sal::Iniciar(string cad),5,3,3,0,0,0,2,3,
D:\Luciano\Numerico\MecSol\FluxSol\Src\FluxSol-Solver\Nastran\Nastran.cpp,Archivo::Pos_Nodos(),2,2,2,1,0,0,0,0,
D:\Luciano\Numerico\MecSol\FluxSol\Src\FluxSol-Solver\Nastran\Nastran.cpp,Archivo::MaxId_Mat(),13,13,8,4,0,0,0,0,
D:\Luciano\Numerico\MecSol\FluxSol\Src\FluxSol-Solver\Nastran\Nastran.cpp,Archivo::MaxId_Entidad(string cad),13,13,8,4,0,0,0,0,
D:\Luciano\Numerico\MecSol\FluxSol\Src\FluxSol-Solver\Nastran\Nastran.cpp,Archivo::NumFilas(),2,2,2,1,0,0,0,0,
D:\Luciano\Numerico\MecSol\FluxSol\Src\FluxSol-Solver\Nastran\Nastran.cpp,"Archivo::Reemplazar_Linea(const int &pos, string cad)",2,2,2,0,0,0,0,0,
D:\Luciano\Numerico\MecSol\FluxSol\Src\FluxSol-Solver\Nastran\Nastran.cpp,Archivo::Linea(const int &pos),2,2,2,1,0,0,0,0,
D:\Luciano\Numerico\MecSol\FluxSol\Src\FluxSol-Solver\Nastran\Nodo.cpp,Nodo::Nodo(),1,1,1,0,0,0,0,0,
D:\Luciano\Numerico\MecSol\FluxSol\Src\FluxSol-Solver\Nastran\Nodo.cpp,"Nodo::Nodo(const int &i, const int &sc, vector<double> &coord)",4,4,4,0,0,0,0,0,
D:\Luciano\Numerico\MecSol\FluxSol\Src\FluxSol-Solver\Nastran\Nodo.cpp,Nodo::VerId_Nastran(),2,2,2,1,0,0,0,0,
D:\Luciano\Numerico\MecSol\FluxSol\Src\FluxSol-Solver\Nastran\Nodo.cpp,Nodo::Sc(),2,2,2,1,0,0,0,0,
D:\Luciano\Numerico\MecSol\FluxSol\Src\FluxSol-Solver\Nastran\Nodo.cpp,Nodo::Iniciar_Coord_cart(vector<double> &coord),2,2,2,0,0,0,0,0,
D:\Luciano\Numerico\MecSol\FluxSol\Src\FluxSol-Solver\Nastran\Nodo.cpp,Nodo::Sc_int(),2,2,2,1,0,0,0,0,
D:\Luciano\Numerico\MecSol\FluxSol\Src\FluxSol-Solver\Nastran\Nodo.cpp,Nodo::Coords(),2,2,2,1,0,0,0,0,
D:\Luciano\Numerico\MecSol\FluxSol\Src\FluxSol-Solver\Nastran\Nodo.cpp,Nodo::Coord_carts(),2,2,2,1,0,0,0,0,
D:\Luciano\Numerico\MecSol\FluxSol\Src\FluxSol-Solver\Nastran\Nodo.cpp,Nodo::Pos_Nastran(),2,2,2,1,0,0,0,0,
D:\Luciano\Numerico\MecSol\FluxSol\Src\FluxSol-Solver\Nastran\Nodo.cpp,Nodo::Nodo_Cargar_Ubic(const int u),2,2,2,0,0,0,0,0,
D:\Luciano\Numerico\MecSol\FluxSol\Src\FluxSol-Solver\Nastran\Nodo.cpp,Nodo::Cargar_IdSc_Int(const int &val),2,2,2,0,0,0,0,0,
D:\Luciano\Numerico\MecSol\FluxSol\Src\FluxSol-Solver\Nastran\Prop.cpp,"Propiedad::Propiedad(const int &i, const int &mat)",3,3,3,0,0,0,0,0,
D:\Luciano\Numerico\MecSol\FluxSol\Src\FluxSol-Solver\Nastran\Prop.cpp,Propiedad::VerId_Nastran(),2,2,2,1,0,0,0,0,
D:\Luciano\Numerico\MecSol\FluxSol\Src\FluxSol-Solver\Nastran\Prop.cpp,"Propiedad::Iniciar(const int &i, const int &mat)",3,3,3,0,0,0,0,0,
D:\Luciano\Numerico\MecSol\FluxSol\Src\FluxSol-Solver\Nastran\Prop.cpp,Propiedad::Ver_Pos_Nastran(),2,2,2,1,0,0,0,0,
D:\Luciano\Numerico\MecSol\FluxSol\Src\FluxSol-Solver\Nastran\SistCoord.cpp,"SistCoord::SistCoord(int i, int tipo)",3,3,3,0,0,0,0,0,
D:\Luciano\Numerico\MecSol\FluxSol\Src\FluxSol-Solver\Nastran\SistCoord.cpp,SistCoord::VerTipo(),2,2,2,1,0,0,0,0,
D:\Luciano\Numerico\MecSol\FluxSol\Src\FluxSol-Solver\Nastran\SistCoord.cpp,SistCoord::VerId(),2,2,2,1,0,0,0,0,
D:\Luciano\Numerico\MecSol\FluxSol\Src\FluxSol-Solver\Nastran\Varios.cpp,"Leer_Campo(const string cad, const int campo)",17,11,9,3,4,1,2,18,
D:\Luciano\Numerico\MecSol\FluxSol\Src\FluxSol-Solver\Nastran\Varios.cpp,"listar_vec(const std::vector <T> v, ofstream f)",3,3,2,1,0,0,0,0,
D:\Luciano\Numerico\MecSol\FluxSol\Src\FluxSol-Solver\Nastran\Varios.cpp,"SearchVal(const int &i,std::vector <int> &v)",7,6,4,3,1,0,0,0,
D:\Luciano\Numerico\MecSol\FluxSol\Src\FluxSol-Solver\Nastran\Varios.cpp,"FindAllVals(std::vector <int> &ind, std::vector <int> &v)",20,20,14,5,0,0,0,0,
D:\Luciano\Numerico\MecSol\FluxSol\Src\FluxSol-Solver\Nastran\Varios.cpp,"CommonValues(std::vector <int> &ind, std::vector <int> &v)",13,12,8,4,1,0,0,0,
D:\Luciano\Numerico\MecSol\FluxSol\Src\FluxSol-Solver\Nastran\Varios.cpp,"ValueFound(const int &val, std::vector<int> vec)",9,8,5,3,1,0,0,0,
D:\Luciano\Numerico\MecSol\FluxSol\Src\FluxSol-Solver\Nastran\Varios.h,arraysize( T (&v)[S]),1,1,1,0,0,0,0,0,
D:\Luciano\Numerico\MecSol\FluxSol\Src\FluxSol-Solver\Output\OutputFile.cpp,"OutputFile::OutputFile(string name, _CC_Fv_Field<T> &field)",92,66,55,14,20,4,6,35,
D:\Luciano\Numerico\MecSol\FluxSol\Src\FluxSol-Solver\Output\OutputFile.cpp,"OutputFile::OutputFile(string name, _CC_Fv_Field<T> &field, const int &comp)",74,54,48,11,14,4,6,35,
D:\Luciano\Numerico\MecSol\FluxSol\Src\FluxSol-Solver\Output\OutputFile.cpp,"OutputFile::OutputFile(string name, Vertex_Fv_Field<T> &field)",92,66,55,14,20,4,6,35,
D:\Luciano\Numerico\MecSol\FluxSol\Src\FluxSol-Solver\Output\OutputFile.cpp,OutputFile::WriteGrid(),47,38,33,10,6,4,3,25,
D:\Luciano\Numerico\MecSol\FluxSol\Src\FluxSol-Solver\Output\OutputFile.cpp,OutputFile::WriteField(const Vertex_Fv_Field<T> &field),35,21,15,4,11,0,3,10,
D:\Luciano\Numerico\MecSol\FluxSol\Src\FluxSol-Solver\Output\OutputFile.cpp,OutputFile::WriteFooter(),4,4,4,0,0,0,0,0,
D:\Luciano\Numerico\MecSol\FluxSol\Src\FluxSol-Solver\Output\OutputFile.cpp,"OutputFile::OutputFile(string name, Vertex_Fv_Field<T> &field, const int &comp)",75,54,48,11,15,4,6,35,
D:\Luciano\Numerico\MecSol\FluxSol\Src\FluxSol-Solver\Output\WriteVtk_FvGrid.cpp,int2str(int number),4,4,4,1,0,0,0,0,
D:\Luciano\Numerico\MecSol\FluxSol\Src\FluxSol-Solver\Output\WriteVtk_FvGrid.cpp,Fv_CC_Grid::Write_vtk(),63,50,45,10,11,4,2,23,
D:\Luciano\Numerico\MecSol\FluxSol\Src\FluxSol-Solver\Output\WriteVtk_Def.h,int2str(int number),4,4,4,1,0,0,0,0,
D:\Luciano\Numerico\MecSol\FluxSol\Src\FluxSol-Solver\Output\WriteVtk_Def.h,"Write_vtk(std::vector <Fv_CC_Grid> grid, CC_Fv_Field <T>)",120,101,90,22,13,4,6,33,
D:\Luciano\Numerico\MecSol\FluxSol\Src\FluxSol-Solver\Output\WriteVtk_Field_Def.h,int2str(int number),4,4,4,1,0,0,0,0,
D:\Luciano\Numerico\MecSol\FluxSol\Src\FluxSol-Solver\Output\WriteVtk_Field_Def.h,CC_Fv_Field<T>::Write_vtk(),120,2,2,0,1,0,117,647,
D:\Luciano\Numerico\MecSol\FluxSol\Src\FluxSol-Solver\SistEcuac\SistEcuac.cpp,Eqn<T>::Width(),13,13,9,6,0,0,0,0,
D:\Luciano\Numerico\MecSol\FluxSol\Src\FluxSol-Solver\SistEcuac\SistEcuac.cpp,Eqn<T>::MinNeigbourId(),9,9,6,4,0,0,0,0,
D:\Luciano\Numerico\MecSol\FluxSol\Src\FluxSol-Solver\SistEcuac\SistEcuac.cpp,EqnSystem<T>::Insert(const FluxSol::Eqn <T> &ec),2,2,2,0,0,0,0,0,
D:\Luciano\Numerico\MecSol\FluxSol\Src\FluxSol-Solver\SistEcuac\SistEcuac.cpp,Eqn<T>::operator==(const Eqn<T> &right),116,63,43,10,22,3,31,121,
D:\Luciano\Numerico\MecSol\FluxSol\Src\FluxSol-Solver\SistEcuac\SistEcuac.cpp,Eqn<T>::operator-(const Eqn<T> &right),4,3,3,1,1,0,0,0,
D:\Luciano\Numerico\MecSol\FluxSol\Src\FluxSol-Solver\SistEcuac\SistEcuac.cpp,EqnSystem <T>::operator==(const double &d),10,7,5,2,2,1,1,15,
D:\Luciano\Numerico\MecSol\FluxSol\Src\FluxSol-Solver\SistEcuac\SistEcuac.cpp,EqnSystem<T>::Log(std::string str),9,9,7,1,0,0,0,0,
D:\Luciano\Numerico\MecSol\FluxSol\Src\FluxSol-Solver\SistEcuac\SistEcuac.cpp,EqnSystem<T>::EqnSystem(const Fv_CC_Grid &FvG),30,17,13,2,5,1,8,29,
D:\Luciano\Numerico\MecSol\FluxSol\Src\FluxSol-Solver\SistEcuac\SistEcuac.cpp,EqnSystem <T>::operator==(const EqnSystem <T> &right),18,13,7,3,1,0,4,27,
D:\Luciano\Numerico\MecSol\FluxSol\Src\FluxSol-Solver\SistEcuac\SistEcuac.cpp,EqnSystem <T>::operator==(const _CC_Fv_Field<T> &field),8,7,5,2,0,0,1,1,
D:\Luciano\Numerico\MecSol\FluxSol\Src\FluxSol-Solver\SistEcuac\SistEcuac.h,Eqn <T>::Log(ofstream &f),10,10,10,1,0,0,0,0,
D:\Luciano\Numerico\MecSol\FluxSol\Src\FluxSol-Solver\Solver\PETSC_Solver.cpp,PETSC_KSP_Solver<number>::PETSC_Init(),111,40,38,2,18,1,53,331,
D:\Luciano\Numerico\MecSol\FluxSol\Src\FluxSol-Solver\Solver\Solver.h,Solve(EqnSystem <T> &eq),174,85,58,12,30,5,59,327,
D:\Luciano\Numerico\MecSol\FluxSol\Src\FluxSol-Solver\Tests\AplicNastran.cpp,main(),4,3,3,0,1,0,0,0,
D:\Luciano\Numerico\MecSol\FluxSol\Src\FluxSol-Solver\Tests\CDTest.cpp,CDTest(),54,18,18,0,27,1,9,23,
D:\Luciano\Numerico\MecSol\FluxSol\Src\FluxSol-Solver\Tests\Temp.cpp,arraysizebis(const T (&v)[S]),1,1,1,0,0,0,0,0,
D:\Luciano\Numerico\MecSol\FluxSol\Src\FluxSol-Solver\Tests\Temp.cpp,main(),59,28,30,0,11,1,20,71,
D:\Luciano\Numerico\MecSol\FluxSol\Src\FluxSol-Solver\Tests\TempTests.cpp,TempTest2(),40,26,25,2,11,1,3,13,
D:\Luciano\Numerico\MecSol\FluxSol\Src\FluxSol-Solver\Tests\TempTests.cpp,DefTempTest(),48,24,24,0,21,1,3,12,
D:\Luciano\Numerico\MecSol\FluxSol\Src\FluxSol-Solver\Tmp\TmpI-.h,ref_(*tPtr),1,1,1,0,0,0,0,0,
D:\Luciano\Numerico\MecSol\FluxSol\Src\FluxSol-Solver\Tmp\TmpI-.h,ref_(tRef),1,1,1,0,0,0,0,0,
D:\Luciano\Numerico\MecSol\FluxSol\Src\FluxSol-Solver\Tmp\TmpI-.h,ref_(t.ref_),14,11,5,2,0,0,3,11,
D:\Luciano\Numerico\MecSol\FluxSol\Src\FluxSol-Solver\Tmp\TmpI-.h,FluxSol::tmp<T>::~tmp(),13,1,1,0,0,0,12,19,
D:\Luciano\Numerico\MecSol\FluxSol\Src\FluxSol-Solver\Tmp\TmpI-.h,FluxSol::tmp<T>::isTmp() const,2,2,2,1,0,0,0,0,
D:\Luciano\Numerico\MecSol\FluxSol\Src\FluxSol-Solver\Tmp\TmpI-.h,FluxSol::tmp<T>::empty() const,2,2,2,1,0,0,0,0,
D:\Luciano\Numerico\MecSol\FluxSol\Src\FluxSol-Solver\Tmp\TmpI-.h,FluxSol::tmp<T>::valid() const,2,2,2,1,0,0,0,0,
D:\Luciano\Numerico\MecSol\FluxSol\Src\FluxSol-Solver\Tmp\TmpI-.h,FluxSol::tmp<T>::ptr() const,21,15,9,4,3,0,3,7,
D:\Luciano\Numerico\MecSol\FluxSol\Src\FluxSol-Solver\Tmp\TmpI-.h,FluxSol::tmp<T>::clear() const,6,6,4,1,0,1,0,5,
D:\Luciano\Numerico\MecSol\FluxSol\Src\FluxSol-Solver\Tmp\TmpI-.h,FluxSol::tmp<T>::operator()(),24,12,6,4,1,0,11,79,
D:\Luciano\Numerico\MecSol\FluxSol\Src\FluxSol-Solver\Tmp\TmpI-.h,FluxSol::tmp<T>::operator()() const,16,12,6,4,1,0,3,9,
D:\Luciano\Numerico\MecSol\FluxSol\Src\FluxSol-Solver\Tmp\TmpI-.h,T&() const,2,2,2,1,0,0,0,0,
D:\Luciano\Numerico\MecSol\FluxSol\Src\FluxSol-Solver\Tmp\TmpI-.h,FluxSol::tmp<T>::operator->(),16,12,6,4,1,0,3,6,
D:\Luciano\Numerico\MecSol\FluxSol\Src\FluxSol-Solver\Tmp\TmpI-.h,FluxSol::tmp<T>::operator->() const,2,2,2,1,0,0,0,0,
D:\Luciano\Numerico\MecSol\FluxSol\Src\FluxSol-Solver\Tmp\TmpI-.h,FluxSol::tmp<T>::operator=(const tmp<T>& t),36,28,14,4,2,0,6,26,
D:\Luciano\Numerico\MecSol\FluxSol\Src\FluxSol-Solver\Type\Operations.cpp,"operator*(Scalar &sc, Vec3D &vector)",6,5,4,2,1,0,0,0,
D:\Luciano\Numerico\MecSol\FluxSol\Src\FluxSol-Solver\Type\Scalar.cpp,Scalar::operator-() const,4,4,4,1,0,0,0,0,
D:\Luciano\Numerico\MecSol\FluxSol\Src\FluxSol-Solver\Type\Scalar.cpp,Scalar::operator=(const Scalar & right),4,3,3,1,1,0,0,0,
D:\Luciano\Numerico\MecSol\FluxSol\Src\FluxSol-Solver\Type\Scalar.cpp,Scalar::operator=(const double & right),4,3,3,1,1,0,0,0,
D:\Luciano\Numerico\MecSol\FluxSol\Src\FluxSol-Solver\Type\Scalar.cpp,Scalar::operator=(vector<double> &v),3,3,3,1,0,0,0,0,
D:\Luciano\Numerico\MecSol\FluxSol\Src\FluxSol-Solver\Type\Scalar.cpp,Scalar::operator-=(double const& right),4,3,3,1,1,0,0,0,
D:\Luciano\Numerico\MecSol\FluxSol\Src\FluxSol-Solver\Type\Scalar.cpp,Scalar::operator+=(double const& right),4,3,3,1,1,0,0,0,
D:\Luciano\Numerico\MecSol\FluxSol\Src\FluxSol-Solver\Type\Scalar.cpp,Scalar::operator-=(const Scalar& right),4,3,3,1,1,0,0,0,
D:\Luciano\Numerico\MecSol\FluxSol\Src\FluxSol-Solver\Type\Scalar.cpp,Scalar::operator+=(const Scalar& right),4,3,3,1,1,0,0,0,
D:\Luciano\Numerico\MecSol\FluxSol\Src\FluxSol-Solver\Type\Scalar.cpp,Scalar::operator+(const Scalar& right) const,4,4,4,1,0,0,0,0,
D:\Luciano\Numerico\MecSol\FluxSol\Src\FluxSol-Solver\Type\Scalar.cpp,Scalar::operator-(const Scalar& right) const,4,4,4,1,0,0,0,0,
D:\Luciano\Numerico\MecSol\FluxSol\Src\FluxSol-Solver\Type\Scalar.cpp,Scalar::operator+(const double & right)const,4,4,4,1,0,0,0,0,
D:\Luciano\Numerico\MecSol\FluxSol\Src\FluxSol-Solver\Type\Scalar.cpp,Scalar::operator*(const Scalar &right) const,4,4,4,1,0,0,0,0,
D:\Luciano\Numerico\MecSol\FluxSol\Src\FluxSol-Solver\Type\Scalar.cpp,Scalar::operator*(const double &right) const,4,4,4,1,0,0,0,0,
D:\Luciano\Numerico\MecSol\FluxSol\Src\FluxSol-Solver\Type\Scalar.cpp,Scalar::Comp(),5,4,4,1,1,0,0,0,
D:\Luciano\Numerico\MecSol\FluxSol\Src\FluxSol-Solver\Type\Scalar.cpp,Scalar::Norm() const,4,3,3,1,1,0,0,0,
D:\Luciano\Numerico\MecSol\FluxSol\Src\FluxSol-Solver\Type\Scalar.cpp,Scalar::operator<(const Scalar &right) const,5,4,4,2,1,0,0,0,
D:\Luciano\Numerico\MecSol\FluxSol\Src\FluxSol-Solver\Type\Vec3d.cpp,"Vec3D::Vec3D(double x, double y, double z)",4,4,4,0,0,0,0,0,
D:\Luciano\Numerico\MecSol\FluxSol\Src\FluxSol-Solver\Type\Vec3d.cpp,Vec3D::dot(const Vec3D &right),4,4,4,1,0,0,0,0,
D:\Luciano\Numerico\MecSol\FluxSol\Src\FluxSol-Solver\Type\Vec3d.cpp,fabs(const Vec3D& vec),2,2,2,1,0,0,0,0,
D:\Luciano\Numerico\MecSol\FluxSol\Src\FluxSol-Solver\Type\Vec3d.cpp,Vec3D::cross(const Vec3D &right),6,6,6,1,0,0,0,0,
D:\Luciano\Numerico\MecSol\FluxSol\Src\FluxSol-Solver\Type\Vec3d.cpp,Vec3D::operator&(const Vec3D &right) const,4,4,4,2,0,0,0,0,
D:\Luciano\Numerico\MecSol\FluxSol\Src\FluxSol-Solver\Type\Vec3d.cpp,"operator^(const Vec3D &left, const Vec3D &right)",6,6,6,1,0,0,0,0,
D:\Luciano\Numerico\MecSol\FluxSol\Src\FluxSol-Solver\Type\Vec3d.cpp,Vec3D::normalize(void),2,2,2,1,0,0,0,0,
D:\Luciano\Numerico\MecSol\FluxSol\Src\FluxSol-Solver\Type\Vec3d.cpp,Vec3D::VecNorm(void) const,5,5,5,2,0,0,0,0,
D:\Luciano\Numerico\MecSol\FluxSol\Src\FluxSol-Solver\Type\Vec3d.cpp,Vec3D::Norm(void) const,6,4,4,1,0,0,2,8,
D:\Luciano\Numerico\MecSol\FluxSol\Src\FluxSol-Solver\Type\Vec3d.cpp,Vec3D::operator=(const Vec3D &right),5,5,5,1,0,0,0,0,
D:\Luciano\Numerico\MecSol\FluxSol\Src\FluxSol-Solver\Type\Vec3d.cpp,Vec3D::operator=(const Scalar &right),5,5,5,1,0,0,0,0,
D:\Luciano\Numerico\MecSol\FluxSol\Src\FluxSol-Solver\Type\Vec3d.cpp,Vec3D::operator=(const double &right),5,5,5,1,0,0,0,0,
D:\Luciano\Numerico\MecSol\FluxSol\Src\FluxSol-Solver\Type\Vec3d.cpp,Vec3D::operator=(const std::vector<double> &right),5,5,5,1,0,0,0,0,
D:\Luciano\Numerico\MecSol\FluxSol\Src\FluxSol-Solver\Type\Vec3d.cpp,Vec3D::operator*=(const double &right),5,5,5,1,0,0,0,0,
D:\Luciano\Numerico\MecSol\FluxSol\Src\FluxSol-Solver\Type\Vec3d.cpp,Vec3D::operator*(const double &right) const,6,6,6,1,0,0,0,0,
D:\Luciano\Numerico\MecSol\FluxSol\Src\FluxSol-Solver\Type\Vec3d.cpp,Vec3D::operator+=(const double &right),5,5,5,1,0,0,0,0,
D:\Luciano\Numerico\MecSol\FluxSol\Src\FluxSol-Solver\Type\Vec3d.cpp,Vec3D::operator+=(const Vec3D &right),5,5,5,1,0,0,0,0,
D:\Luciano\Numerico\MecSol\FluxSol\Src\FluxSol-Solver\Type\Vec3d.cpp,Vec3D::operator+(const double &right) const,6,6,6,1,0,0,0,0,
D:\Luciano\Numerico\MecSol\FluxSol\Src\FluxSol-Solver\Type\Vec3d.cpp,Vec3D::operator+(const Vec3D &right) const,6,6,6,1,0,0,0,0,
D:\Luciano\Numerico\MecSol\FluxSol\Src\FluxSol-Solver\Type\Vec3d.cpp,Vec3D::operator-(const Vec3D &right) const,6,6,6,1,0,0,0,0,
D:\Luciano\Numerico\MecSol\FluxSol\Src\FluxSol-Solver\Type\Vec3d.cpp,Vec3D::operator-=(const double &right),5,5,5,1,0,0,0,0,
D:\Luciano\Numerico\MecSol\FluxSol\Src\FluxSol-Solver\Type\Vec3d.cpp,Vec3D::operator-=(const Vec3D &right),5,5,5,1,0,0,0,0,
D:\Luciano\Numerico\MecSol\FluxSol\Src\FluxSol-Solver\Type\Vec3d.cpp,Vec3D::operator-(const double &right) const,6,6,6,1,0,0,0,0,
D:\Luciano\Numerico\MecSol\FluxSol\Src\FluxSol-Solver\Type\Vec3d.cpp,"operator*(const double &left, Vec3D &right)",6,6,6,1,0,0,0,0,
D:\Luciano\Numerico\MecSol\FluxSol\Src\FluxSol-Solver\Type\Vec3d.cpp,"operator+(const double &left, const Vec3D &right)",6,6,6,1,0,0,0,0,
D:\Luciano\Numerico\MecSol\FluxSol\Src\FluxSol-Solver\Type\Vec3d.cpp,"operator-(const double &left, const Vec3D &right)",6,6,6,1,0,0,0,0,
D:\Luciano\Numerico\MecSol\FluxSol\Src\FluxSol-Solver\Type\Vec3d.cpp,Vec3D::operator==(const Vec3D &right),2,2,2,1,0,0,0,0,
D:\Luciano\Numerico\MecSol\FluxSol\Src\FluxSol-Solver\Type\Vec3d.cpp,Vec3D::operator!=(const Vec3D &right),2,2,2,1,0,0,0,0,
D:\Luciano\Numerico\MecSol\FluxSol\Src\FluxSol-Solver\Type\Vec3d.cpp,Vec3D::operator[](int i),1,1,1,0,0,0,0,0,
D:\Luciano\Numerico\MecSol\FluxSol\Src\FluxSol-Solver\Type\Vec3d.cpp,"operator<<(ostream &output,const Vec3D &right)",3,3,3,1,0,0,0,0,
D:\Luciano\Numerico\MecSol\FluxSol\Src\FluxSol-Solver\Type\Vec3d.cpp,Vec3D::Imprimir_Coord(),7,7,6,2,0,0,0,0,
D:\Luciano\Numerico\MecSol\FluxSol\Src\FluxSol-Solver\Type\Vec3d.cpp,Vec3D::Val(),2,2,2,1,0,0,0,0,
D:\Luciano\Numerico\MecSol\FluxSol\Src\FluxSol-Solver\Type\Vec3d.cpp,Vec3D::Comp()const,7,7,5,2,0,0,0,0,
D:\Luciano\Numerico\MecSol\FluxSol\Src\FluxSol-Solver\Type\Vec3d.cpp,"operator*(const Scalar &sc, const Vec3D &vector)",7,6,5,2,1,0,0,0,
D:\Luciano\Numerico\MecSol\FluxSol\Src\FluxSol-Solver\Type\Vec3d.cpp,"operator*(const Vec3D &vector, const Scalar &sc)",7,6,5,2,1,0,0,0,
D:\Luciano\Numerico\MecSol\FluxSol\Src\FluxSol-Solver\Type\Vec3d.cpp,"operator&(Vec3D &left, Vec3D &right)",7,6,5,2,1,0,0,0,
D:\Luciano\Numerico\MecSol\FluxSol\Src\FluxSol-Solver\Type\Vec3d.cpp,"operator*(const double &left, const Vec3D &right)",5,5,4,2,0,0,0,0,
D:\Luciano\Numerico\MecSol\FluxSol\Src\FluxSol-Solver\Type\TensorI.h,Tensor<Cmpt>::Tensor(),1,1,1,0,0,0,0,0,
D:\Luciano\Numerico\MecSol\FluxSol\Src\FluxSol-Solver\Type\TensorI.h,"VectorSpace<Tensor<Cmpt>, Cmpt, 9>(vs)",1,1,1,0,0,0,0,0,
D:\Luciano\Numerico\MecSol\FluxSol\Src\FluxSol-Solver\Type\TensorI.h,Tensor<Cmpt>::Tensor(const SphericalTensor<Cmpt>& st),4,4,4,0,0,0,0,0,
D:\Luciano\Numerico\MecSol\FluxSol\Src\FluxSol-Solver\Type\TensorI.h,Tensor<Cmpt>::Tensor(const SymmTensor<Cmpt>& st),4,4,4,0,0,0,0,0,
D:\Luciano\Numerico\MecSol\FluxSol\Src\FluxSol-Solver\Type\TensorI.h,"Tensor<Cmpt>::Tensor( const Vector<Cmpt>& x, const Vector<Cmpt>& y, const Vector<Cmpt>& z )",4,4,4,0,0,0,0,0,
D:\Luciano\Numerico\MecSol\FluxSol\Src\FluxSol-Solver\Type\TensorI.h,"Tensor<Cmpt>::Tensor( const Cmpt txx, const Cmpt txy, const Cmpt txz, const Cmpt tyx, const Cmpt tyy, const Cmpt tyz, const Cmpt tzx, const Cmpt tzy, const Cmpt tzz )",4,4,4,0,0,0,0,0,
D:\Luciano\Numerico\MecSol\FluxSol\Src\FluxSol-Solver\Type\TensorI.h,"VectorSpace<Tensor<Cmpt>, Cmpt, 9>(is)",1,1,1,0,0,0,0,0,
D:\Luciano\Numerico\MecSol\FluxSol\Src\FluxSol-Solver\Type\TensorI.h,Tensor<Cmpt>::x() const,2,2,2,1,0,0,0,0,
D:\Luciano\Numerico\MecSol\FluxSol\Src\FluxSol-Solver\Type\TensorI.h,Tensor<Cmpt>::y() const,2,2,2,1,0,0,0,0,
D:\Luciano\Numerico\MecSol\FluxSol\Src\FluxSol-Solver\Type\TensorI.h,Tensor<Cmpt>::z() const,2,2,2,1,0,0,0,0,
D:\Luciano\Numerico\MecSol\FluxSol\Src\FluxSol-Solver\Type\TensorI.h,Tensor<Cmpt>::xx() const,2,2,2,1,0,0,0,0,
D:\Luciano\Numerico\MecSol\FluxSol\Src\FluxSol-Solver\Type\TensorI.h,Tensor<Cmpt>::xy() const,2,2,2,1,0,0,0,0,
D:\Luciano\Numerico\MecSol\FluxSol\Src\FluxSol-Solver\Type\TensorI.h,Tensor<Cmpt>::xz() const,2,2,2,1,0,0,0,0,
D:\Luciano\Numerico\MecSol\FluxSol\Src\FluxSol-Solver\Type\TensorI.h,Tensor<Cmpt>::yx() const,2,2,2,1,0,0,0,0,
D:\Luciano\Numerico\MecSol\FluxSol\Src\FluxSol-Solver\Type\TensorI.h,Tensor<Cmpt>::yy() const,2,2,2,1,0,0,0,0,
D:\Luciano\Numerico\MecSol\FluxSol\Src\FluxSol-Solver\Type\TensorI.h,Tensor<Cmpt>::yz() const,2,2,2,1,0,0,0,0,
D:\Luciano\Numerico\MecSol\FluxSol\Src\FluxSol-Solver\Type\TensorI.h,Tensor<Cmpt>::zx() const,2,2,2,1,0,0,0,0,
D:\Luciano\Numerico\MecSol\FluxSol\Src\FluxSol-Solver\Type\TensorI.h,Tensor<Cmpt>::zy() const,2,2,2,1,0,0,0,0,
D:\Luciano\Numerico\MecSol\FluxSol\Src\FluxSol-Solver\Type\TensorI.h,Tensor<Cmpt>::zz() const,2,2,2,1,0,0,0,0,
D:\Luciano\Numerico\MecSol\FluxSol\Src\FluxSol-Solver\Type\TensorI.h,Tensor<Cmpt>::xx(),2,2,2,1,0,0,0,0,
D:\Luciano\Numerico\MecSol\FluxSol\Src\FluxSol-Solver\Type\TensorI.h,Tensor<Cmpt>::xy(),2,2,2,1,0,0,0,0,
D:\Luciano\Numerico\MecSol\FluxSol\Src\FluxSol-Solver\Type\TensorI.h,Tensor<Cmpt>::xz(),2,2,2,1,0,0,0,0,
D:\Luciano\Numerico\MecSol\FluxSol\Src\FluxSol-Solver\Type\TensorI.h,Tensor<Cmpt>::yx(),2,2,2,1,0,0,0,0,
D:\Luciano\Numerico\MecSol\FluxSol\Src\FluxSol-Solver\Type\TensorI.h,Tensor<Cmpt>::yy(),2,2,2,1,0,0,0,0,
D:\Luciano\Numerico\MecSol\FluxSol\Src\FluxSol-Solver\Type\TensorI.h,Tensor<Cmpt>::yz(),2,2,2,1,0,0,0,0,
D:\Luciano\Numerico\MecSol\FluxSol\Src\FluxSol-Solver\Type\TensorI.h,Tensor<Cmpt>::zx(),2,2,2,1,0,0,0,0,
D:\Luciano\Numerico\MecSol\FluxSol\Src\FluxSol-Solver\Type\TensorI.h,Tensor<Cmpt>::zy(),2,2,2,1,0,0,0,0,
D:\Luciano\Numerico\MecSol\FluxSol\Src\FluxSol-Solver\Type\TensorI.h,Tensor<Cmpt>::zz(),2,2,2,1,0,0,0,0,
D:\Luciano\Numerico\MecSol\FluxSol\Src\FluxSol-Solver\Type\TensorI.h,Tensor<Cmpt>::T() const,7,7,2,1,0,0,0,0,
D:\Luciano\Numerico\MecSol\FluxSol\Src\FluxSol-Solver\Type\TensorI.h,Tensor<Cmpt>::operator=(const SphericalTensor<Cmpt>& st),4,4,4,0,0,0,0,0,
D:\Luciano\Numerico\MecSol\FluxSol\Src\FluxSol-Solver\Type\TensorI.h,Tensor<Cmpt>::operator=(const SymmTensor<Cmpt>& st),4,4,4,0,0,0,0,0,
D:\Luciano\Numerico\MecSol\FluxSol\Src\FluxSol-Solver\Type\TensorI.h,operator*(const Tensor<Cmpt>& t),2,2,2,1,0,0,0,0,
D:\Luciano\Numerico\MecSol\FluxSol\Src\FluxSol-Solver\Type\TensorI.h,operator*(const Vector<Cmpt>& v),7,7,2,1,0,0,0,0,
D:\Luciano\Numerico\MecSol\FluxSol\Src\FluxSol-Solver\Type\TensorI.h,"operator&(const Tensor<Cmpt>& t1, const Tensor<Cmpt>& t2)",15,13,2,1,2,0,0,0,
D:\Luciano\Numerico\MecSol\FluxSol\Src\FluxSol-Solver\Type\TensorI.h,"operator&(const Tensor<Cmpt>& t, const Vector<Cmpt>& v)",7,7,2,1,0,0,0,0,
D:\Luciano\Numerico\MecSol\FluxSol\Src\FluxSol-Solver\Type\TensorI.h,"operator&(const Vector<Cmpt>& v, const Tensor<Cmpt>& t)",7,7,2,1,0,0,0,0,
D:\Luciano\Numerico\MecSol\FluxSol\Src\FluxSol-Solver\Type\TensorI.h,"operator*(const Vector<Cmpt>& v1, const Vector<Cmpt>& v2)",7,7,2,1,0,0,0,0,
D:\Luciano\Numerico\MecSol\FluxSol\Src\FluxSol-Solver\Type\TensorI.h,tr(const Tensor<Cmpt>& t),2,2,2,1,0,0,0,0,
D:\Luciano\Numerico\MecSol\FluxSol\Src\FluxSol-Solver\Type\TensorI.h,sph(const Tensor<Cmpt>& t),2,2,2,1,0,0,0,0,
D:\Luciano\Numerico\MecSol\FluxSol\Src\FluxSol-Solver\Type\TensorI.h,symm(const Tensor<Cmpt>& t),7,7,2,1,0,0,0,0,
D:\Luciano\Numerico\MecSol\FluxSol\Src\FluxSol-Solver\Type\TensorI.h,twoSymm(const Tensor<Cmpt>& t),7,7,2,1,0,0,0,0,
D:\Luciano\Numerico\MecSol\FluxSol\Src\FluxSol-Solver\Type\TensorI.h,skew(const Tensor<Cmpt>& t),7,7,2,1,0,0,0,0,
D:\Luciano\Numerico\MecSol\FluxSol\Src\FluxSol-Solver\Type\TensorI.h,skew(const SymmTensor<Cmpt>& st),2,2,2,1,0,0,0,0,
D:\Luciano\Numerico\MecSol\FluxSol\Src\FluxSol-Solver\Type\TensorI.h,dev(const Tensor<Cmpt>& t),2,2,2,1,0,0,0,0,
D:\Luciano\Numerico\MecSol\FluxSol\Src\FluxSol-Solver\Type\TensorI.h,dev2(const Tensor<Cmpt>& t),2,2,2,1,0,0,0,0,
D:\Luciano\Numerico\MecSol\FluxSol\Src\FluxSol-Solver\Type\TensorI.h,det(const Tensor<Cmpt>& t),7,7,2,1,0,0,0,0,
D:\Luciano\Numerico\MecSol\FluxSol\Src\FluxSol-Solver\Type\TensorI.h,cof(const Tensor<Cmpt>& t),15,13,2,1,2,0,0,0,
D:\Luciano\Numerico\MecSol\FluxSol\Src\FluxSol-Solver\Type\TensorI.h,"inv(const Tensor<Cmpt>& t, const Cmpt dett)",15,13,2,1,2,0,0,0,
D:\Luciano\Numerico\MecSol\FluxSol\Src\FluxSol-Solver\Type\TensorI.h,inv(const Tensor<Cmpt>& t),2,2,2,1,0,0,0,0,
D:\Luciano\Numerico\MecSol\FluxSol\Src\FluxSol-Solver\Type\TensorI.h,invariantI(const Tensor<Cmpt>& t),2,2,2,1,0,0,0,0,
D:\Luciano\Numerico\MecSol\FluxSol\Src\FluxSol-Solver\Type\TensorI.h,invariantII(const Tensor<Cmpt>& t),11,11,2,1,0,0,0,0,
D:\Luciano\Numerico\MecSol\FluxSol\Src\FluxSol-Solver\Type\TensorI.h,invariantIII(const Tensor<Cmpt>& t),2,2,2,1,0,0,0,0,
D:\Luciano\Numerico\MecSol\FluxSol\Src\FluxSol-Solver\Type\TensorI.h,"operator+(const SphericalTensor<Cmpt>& st1, const Tensor<Cmpt>& t2)",7,7,2,1,0,0,0,0,
D:\Luciano\Numerico\MecSol\FluxSol\Src\FluxSol-Solver\Type\TensorI.h,"operator+(const Tensor<Cmpt>& t1, const SphericalTensor<Cmpt>& st2)",7,7,2,1,0,0,0,0,
D:\Luciano\Numerico\MecSol\FluxSol\Src\FluxSol-Solver\Type\TensorI.h,"operator-(const SphericalTensor<Cmpt>& st1, const Tensor<Cmpt>& t2)",7,7,2,1,0,0,0,0,
D:\Luciano\Numerico\MecSol\FluxSol\Src\FluxSol-Solver\Type\TensorI.h,"operator-(const Tensor<Cmpt>& t1, const SphericalTensor<Cmpt>& st2)",7,7,2,1,0,0,0,0,
D:\Luciano\Numerico\MecSol\FluxSol\Src\FluxSol-Solver\Type\TensorI.h,"operator&(const SphericalTensor<Cmpt>& st1, const Tensor<Cmpt>& t2)",7,7,2,1,0,0,0,0,
D:\Luciano\Numerico\MecSol\FluxSol\Src\FluxSol-Solver\Type\TensorI.h,"operator&(const Tensor<Cmpt>& t1, const SphericalTensor<Cmpt>& st2)",7,7,2,1,0,0,0,0,
D:\Luciano\Numerico\MecSol\FluxSol\Src\FluxSol-Solver\Type\TensorI.h,"operator&&(const SphericalTensor<Cmpt>& st1, const Tensor<Cmpt>& t2)",2,2,2,1,0,0,0,0,
D:\Luciano\Numerico\MecSol\FluxSol\Src\FluxSol-Solver\Type\TensorI.h,"operator&&(const Tensor<Cmpt>& t1, const SphericalTensor<Cmpt>& st2)",2,2,2,1,0,0,0,0,
D:\Luciano\Numerico\MecSol\FluxSol\Src\FluxSol-Solver\Type\TensorI.h,"operator+(const SymmTensor<Cmpt>& st1, const Tensor<Cmpt>& t2)",7,7,2,1,0,0,0,0,
D:\Luciano\Numerico\MecSol\FluxSol\Src\FluxSol-Solver\Type\TensorI.h,"operator+(const Tensor<Cmpt>& t1, const SymmTensor<Cmpt>& st2)",7,7,2,1,0,0,0,0,
D:\Luciano\Numerico\MecSol\FluxSol\Src\FluxSol-Solver\Type\TensorI.h,"operator-(const SymmTensor<Cmpt>& st1, const Tensor<Cmpt>& t2)",7,7,2,1,0,0,0,0,
D:\Luciano\Numerico\MecSol\FluxSol\Src\FluxSol-Solver\Type\TensorI.h,"operator-(const Tensor<Cmpt>& t1, const SymmTensor<Cmpt>& st2)",7,7,2,1,0,0,0,0,
D:\Luciano\Numerico\MecSol\FluxSol\Src\FluxSol-Solver\Type\TensorI.h,"operator&(const SymmTensor<Cmpt>& st1, const Tensor<Cmpt>& t2)",15,13,2,1,2,0,0,0,
D:\Luciano\Numerico\MecSol\FluxSol\Src\FluxSol-Solver\Type\TensorI.h,"operator&(const Tensor<Cmpt>& t1, const SymmTensor<Cmpt>& st2)",15,13,2,1,2,0,0,0,
D:\Luciano\Numerico\MecSol\FluxSol\Src\FluxSol-Solver\Type\TensorI.h,"operator&&(const SymmTensor<Cmpt>& st1, const Tensor<Cmpt>& t2)",7,7,2,1,0,0,0,0,
D:\Luciano\Numerico\MecSol\FluxSol\Src\FluxSol-Solver\Type\TensorI.h,"operator&&(const Tensor<Cmpt>& t1, const SymmTensor<Cmpt>& st2)",7,7,2,1,0,0,0,0,
D:\Luciano\Numerico\MecSol\FluxSol\Src\FluxSol-Solver\Type\Vec3d.h,Prom(const vector<T>& vecs),6,6,5,2,0,0,0,0,
D:\Luciano\Numerico\MecSol\FluxSol\Src\FluxSol-Solver\UDO\FileSearch.cpp,FileSearcher::FileSearcher(string dir),36,23,18,5,8,0,5,49,
D:\Luciano\Numerico\MecSol\FluxSol\Src\FluxSol-Solver\Utils\Utils.cpp,int2str(int number),4,4,4,1,0,0,0,0,
D:\Luciano\Numerico\MecSol\FluxSol\Src\FluxSol-Solver\Utils\Utils.cpp,"Leer_Campo(const string cad, const int campo)",17,11,9,3,4,1,2,18,
D:\Luciano\Numerico\MecSol\FluxSol\Src\FluxSol-Solver\Utils\Utils.cpp,"listar_vec(const std::vector <T> v, ofstream f)",3,3,2,1,0,0,0,0,
D:\Luciano\Numerico\MecSol\FluxSol\Src\FluxSol-Solver\Utils\Utils.cpp,"CommonValues(std::vector <int> &ind, std::vector <int> &v)",13,12,8,4,1,0,0,0,
D:\Luciano\Numerico\MecSol\FluxSol\Src\FluxSol-Solver\Utils\Utils.cpp,"ValueFound(const int &val, std::vector<int> vec)",9,8,5,3,1,0,0,0,
D:\Luciano\Numerico\MecSol\FluxSol\Src\FluxSol-Solver\Utils\Utils.h,"SearchVal(const int &i,const std::vector <int> &v)",8,6,4,3,2,0,0,0,
D:\Luciano\Numerico\MecSol\FluxSol\Src\FluxSol-Solver\Utils\Utils.h,"FindAllVals(std::vector <int> &ind, std::vector <int> &v)",23,16,10,5,4,0,3,19,
D:\Luciano\Numerico\MecSol\FluxSol\Src\FluxSol-Solver\Utils\Utils.h,"NumVecElemFound(std::vector <int> &ind, std::vector <int> &v)",20,14,9,4,3,0,3,15,
D:\Luciano\Numerico\MecSol\FluxSol\Src\FluxSol-Solver\Utils\Utils.h,arraysize( T (&v)[S]),1,1,1,0,0,0,0,0,
D:\Luciano\Numerico\MecSol\FluxSol\Src\FluxSol-Solver\Utils\Searching-Files\Searching-Files.cpp,main(),36,27,22,7,7,1,2,32,
