Word,Count
the,992
*,712
of,625
<<,560
is,431
a,396
//,390
de,382
for,329
cout,327
it,324
FluxSol,322
Public,291
General,291
GNU,291
-,269
{,241
or,237
},221
el,218
be,201
version,195
License,194
\License,\,194
if,175
in,172
file,170
la,170
que,138
to,136
es,135
(int,133
A,131
This,125
TO,125
as,121
los,120
will,119
Luciano,118
can,116
For,113
that,112
by,111
3,109
FOR,109
but,106
part,105
more,104
Free,104
any,101
either,100
you,100
copy,100
modify,100
details,99
later,99
WITHOUT,98
see,98
See,98
and,98
=,98
without,98
WARRANTY;,97
Copyright,97
redistribute,97
free,97
software:,97
***********************************************************************,97
hope,97
distributed,97
Software,97
published,97
implied,97
warranty,97
PARTICULAR,97
\Foundation,\,97
\useful,\,97
ANY,97
PURPOSE,97
************************************************************************,97
under,97
even,97
FITNESS,97
terms,97
<http://www.gnu.org/licenses/>,97
MERCHANTABILITY,97
and/or,97
luciano.buglioni@gmail.com,95
int,94
Buglioni,94
en,93
cell,91
un,83
no,82
las,81
endl;,76
const,76
del,74
Contact:,74
\"\\,73
vector,72
2012-2013,71
y,70
una,67
face,59
para,56
con,54
faces,52
boundary,52
else,51
template,51
<typename,49
Pablo,48
vertices,47
must,47
field,45
MODIFY,44
<,44
are,43
\"\<<\,43
T>,41
If,41
IS,41
<T>,41
nodos,40
tensor,39
number,39
T,37
return,37
End,37
Loop,37
se,37
cells,37
DE,37
Si,36
THIS,36
si,35
<<endl;,35
not,33
cara,33
&,32
Fin,32
void,32
malla,31
+,31
1,31
NOT,30
flux,30
from,30
Nastran,30
indice,29
El,29
Boundary,29
0,29
\MODIFY,\,29
all,29
por,29
node,28
string,28
n=0;n<grid[gid].nodeCount;++n),27
each,27
through,27
OpenFoam,26
zone,26
Es,26
with,26
campo,26
o,26
al,26
Scalar,25
patch,25
nodo,25
lo,25
archivo,25
elementos,25
Zitelli,25
values,24
innerProduct,24
an,23
ser,23
2,23
Buglioni:,23
2012-2014,23
zitelli.pablo@gmail.com,23
EqnSystem,23
Contacts:,23
caras,23
Zitelli:,23
Return,22
ierr,22
between,22
como,22
son,22
then,22
dim>,21
zero,21
_CC_Fv_Field,21
std::vector,21
id,21
funcion,21
Field,20
Eqn,20
typename,20
new,20
namespace,20
Read,20
this,20
tiene,20
AND,20
data,20
equal,20
MUST,20
\number,int\,19
NASTRAN,19
FIELD,19
esta,19
bc,19
mas,19
Check,19
mesh,19
En,19
bool,18
>,18
\"\Face\,18
),18
element,18
cada,18
found,18
aca,18
Vec3D,18
inner,18
primer,18
type,18
list,18
\"\Cell\,18
global,17
has,17
<Scalar>,17
NO,17
forma,17
//cout,17
Cell,17
Vector,17
esto,17
calculo,17
tipo,17
fi,17
todos,16
#include,16
ya,16
QUE,16
The,16
GeomField<T>,16
than,16
BE,16
neighbour,16
conditions,16
MODIFY:,16
nodes,16
Like,16
variable,16
product,16
IF,16
clase,16
at,16
double,16
Aca,16
0;,16
elements,15
PetscInt,15
large,15
Devuelve,15
numero,15
vertice,15
condition,15
::type>,15
gradient,15
case,15
celda,15
break;,15
elemento,15
Esto,15
Find,15
To,15
inline,15
ver,15
&&,15
Fv_CC_Grid,15
<int>,15
Esta,15
//TO,15
puede,15
object,15
pero,14
LA,14
central,14
output,14
4,14
rank,14
operator,14
\Vec3D,\,14
Id,13
puedo,13
constructor,13
BOUNDARY,13
Numero,13
Face,13
c,13
Flux,13
IN,13
este,13
le,13
value,13
CELLS,13
EXAMPLE,13
index,13
&right),12
array,12
Correction,12
UN,12
La,12
use,12
siempre,12
Constructor,12
scalar,12
solo,12
CBUSH,12
LOS,12
set,12
<Vec3D>,12
\"\<<endl;\,12
,12
time,12
first,12
hacer,12
devuelve,12
into,12
current,12
PARA,12
function,11
Must,11
was,11
divergencia,11
separated,11
BC,11
\"\Eqn\,11
have,11
variables,11
reference,11
end,11
vertex,11
i,11
given,11
matrix,11
corrected,11
Para,11
general,11
borde,11
steps,11
class,11
::type,11
valor,11
coma,10
templates,10
WITH,10
loop,10
Ahora,10
No,10
Inicio,10
Patch,10
caso,10
CHANGE,10
on,10
eqn,10
coordenadas,10
Pyramid,10
\T,\,10
indices,10
iguales,10
Pressure,10
(Sf,10
Vec3D>,10
Prism,10
otro,10
escalar,10
correction,10
name,10
Construct,10
(ro,10
vector<int>,10
fluxes,10
one,10
ro*U,9
fi(f),9
Sizes,9
we,9
left,9
constant,9
Solve,9
continuacion,9
MESH,9
\0,\,9
initialized,9
cuando,9
only,9
EL,9
\1,\,9
correct,9
_FvFace,9
trough,9
FROM,9
size,9
those,9
\free-cfd,\,9
FUNCIONES,9
EN,9
U,9
source,9
conectividades,9
Hexa,9
porque,9
spherical,9
};,9
celdas,9
muestra,9
desde,9
Can,9
posicion,9
Ojo,9
U)f,9
inicia,8
while,8
Creo,8
CFD,8
Look,8
Correct,8
Values,8
CONST,8
*ret=new,8
ap,8
il),8
same,8
x,8
throug,8
(Wedge),8
modelo,8
ids,8
todo,8
(const,8
inicio,8
neighbours,8
Tetra,8
Busco,8
section,8
Recorro,8
region,8
OF,8
internal,8
\"\;\,8
subfolders,8
hay,8
null,8
p,8
tengo,8
base,8
look,8
val;,8
tener,8
these,8
fields,8
va,8
ES,8
principio,8
In,8
Este,8
information,8
\<<"\Face\,7
now,7
entre,7
First,7
derecha,7
LAS,7
\"\<<meshp<<endl;\,7
material,7
\fileName=filePath+"\/grid_"\\,7
int2str(gid+1),7
before,7
partes,7
encontro,7
\outerProduct<Vec3D,\,7
volume,7
input,7
nastran,7
!NullFluxFace,7
Eqn<T>,7
phi,7
Construir,7
components,7
haber,7
ret;,7
Mesh,7
Inner-product,7
dimensiones,7
method,7
exponente,7
These,7
podria,7
r;,7
Constructores,7
Leo,7
ARE,7
abort(FatalError);,7
Campo,7
hace,7
Formerly,7
cual,7
cantidad,7
////////,7
val,7
solver,7
read,7
dummy,7
pos?,7
SE,7
idface,7
Sum_f,7
switch,7
OR,7
repeated,7
fin,7
\"\Creating\,7
temporary,7
//Como,7
patches,7
COEFFS,7
pressure,7
SurfaceField,7
f<<,7
(,7
Begin,7
THE,7
T>::type,7
\"\_proc_"\+int2str(Rank)+"\.vtu"\;\,7
upwind,6
count,6
CLASS,6
probar,6
free-cfd,6
virtual,6
hago,6
operador,6
inheritance,6
delete,6
Primero,6
salida,6
coefficient,6
operators,6
Store,6
assign,6
prod,6
CELL,6
me,6
voy,6
pointer,6
mismo,6
Assuming,6
THESE,6
Instead,6
lado,6
_Field<T>,6
right,6
It,6
Foam,6
lectura,6
Number,6
doy,6
linea,6
sentence,6
PetscScalar,6
vectors,6
//If,6
\conditions,\,6
Member,6
\&icell,\,6
write,6
local,6
out,6
Surface,6
test,6
fp,6
Generate,6
decimales,6
RETURN,6
//for,6
zones,6
posiciones,6
DoFHandler<dim>,6
----,6
f,6
Constructors,6
different,6
producto,6
//Boundary,6
parametros,6
FVGRID,6
encuentra,6
simple,6
------------------,6
using,6
point,6
BASE,6
ACA,6
\loop"\<<endl;\,6
both,6
salvo,6
Materiales,6
finitos,6
Operators,6
normal,6
convenient,6
neigh,6
tempNodes=,6
\cero,\,6
this->,6
against,6
tienen,6
flujo,6
////////////////,6
\filePath="\./output/"\+int2str(timeStep);\,6
operator=(const,6
-------,6
==,6
coordinates,6
TODOS,6
CLASE,6
Tengo,6
constante,6
v,6
TENGO,6
Div,6
dps,6
Gauss,6
template<typename,6
sin,5
NON,5
Las,5
Gradient,5
inherited,5
Adding,5
Nodos,5
c++),5
NODOS,5
MyList<int>wallfaces,5
Binary,5
raw,5
r,5
puntero,5
bidimensional,5
log,5
Operadores,5
them,5
definiendo,5
\&row,\,5
1),5
\"\\t"\\,5
\&ind,\,5
used,5
&value),5
Rank,5
funciones,5
campos,5
\"\Grid\,5
CAN,5
LO,5
ARCHIVO,5
phi),5
walls,5
FLUXSOL,5
antes,5
\"\Boundary\,5
Funciones,5
Search,5
segun,5
Se,5
primera,5
&);,5
significativos,5
single,5
non,5
USE,5
every,5
calculate,5
--------------,5
Chequeo,5
member,5
/*,5
specification,5
Class,5
numeros,5
entry,5
std::vector<int>,5
está,5
BECAUSE,5
could,5
filas,5
interiores,5
verificacion,5
Create,5
types,5
And,5
falta,5
maximo,5
PASSED,5
ind,5
other,5
Output,5
caracteres,5
verification,5
\"\<DataArray\,5
REFERS,5
uno,5
Modelo,5
INNER,5
cualquier,5
ix[1];,5
\"\</DataArray>"\\,5
\"\Found\,5
sistema,5
\(fwall,mwall);\,5
e,5
Fields,5
//Sizes,5
BETWEEN,5
Vertices,5
2};,5
\format=\"\ascii\"\\,5
llama,5
cadena,5
directly,5
paso,5
Functions,5
volumenes,5
linear,5
HERE,5
MyVector<int>,5
POINTER,5
Debe,5
||,5
y[1];,5
GRADIENTE,5
lados,5
public:,5
Pending,5
All,5
Neighbours,5
refers,5
\Difusion,\,5
partir,5
another,5
GeomField<T>(this->Numberofvals());,5
5,5
Now,5
FUNCTION,5
Puedo,5
connectivity,5
*/,5
coeffs,5
there,5
std::setw,5
grid,5
\>"\\,5
row,5
arg,5
\hola={1,2};\,5
Common,5
norm,5
De,5
final,5
SON,5
this->Boundaryfield()=field->BoundaryField,5
\<<"\cell\,4
Filas,4
start,4
MODIFY!!!,4
baricentro,4
<T>&,4
ENTRADA,4
From,4
neighbor,4
neigbour,4
Recordar,4
value),4
indeed,4
&Rank);,4
dof,4
CALL,4
LOG,4
definicion,4
Laplacian,4
//En,4
positive,4
Returns,4
functions,4
SurfaceField<T>,4
x:,4
polimorfismo,4
SCALAR,4
Write,4
EVALUATE,4
SAME,4
because,4
call,4
\"\<<c<<endl;\,4
MODIFY->,4
donde,4
CORRECT,4
aparte,4
memoria,4
propiedades,4
numbers,4
VolField,4
coeff_an=,4
ret(this->Grid());,4
EQSYS,4
&v),4
Scan,4
up,4
Grid,4
\"\temporary\,4
comun,4
two,4
varios,4
search,4
\"\grad\,4
FILE,4
Sparse,4
\"\<<f\,4
refiere,4
facefi,4
mucho,4
initializer_list<T>&,4
dentro,4
}//Fin,4
O,4
recorro,4
\deallocated"\\,4
CDEqn,4
skip,4
Internal,4
ASSIGN,4
\&p,\,4
\"\Global\,4
su,4
CONVECTION,4
within,4
);,4
[f],4
VECTOR,4
_CC_Fv_Field<Vec3D>,4
Los,4
\cout<<"\Generating\,4
signo,4
\vector,\,4
Abro,4
ORTHOGONAL,4
\"\Value\,4
regions,4
adof<<endl;,4
_Surf_Fv_Field,4
Base,4
areas,4
SCALARS,4
eqn[e].NeighboursIds().size()<<endl;,4
//Is,4
*this;,4
which,4
iterate,4
COPY,4
Lo,4
Mass,4
populate,4
private:,4
freecfd,4
VARIABLES,4
initializer,4
Modify,4
//Check,4
AT,4
//Add,4
iterador,4
push,4
fi_f,4
//THIS,4
eqnsys(VolField.GridPtr->Num_Cells());,4
efectivas,4
NI,4
i++),4
*************************************************************************,4
manually,4
THERMAL,4
GeomField,4
Eqn(const,4
Y,4
//Es,4
public,4
+=,4
cargar,4
Global,4
pongo,4
\std::cout,\,4
SI,4
FUNCION,4
gradiente,4
OPERATORS,4
valid,4
construirla,4
//Constructor,4
8,4
column,4
->,4
initializer_list,4
<number>,4
/,4
\system"\<<endl;\,4
/////////////////////////////////////////////////,4
corresponden,4
(Rank==0),4
Manually,4
Reading,4
Variables,4
runtime,4
meshes,4
SCHEME,4
crucial,4
&(const,4
CONSTRUCTOR,4
(auto,4
Since,4
\"\<<f<<endl;\,4
Newmann,4
defino,4
luego,4
m_Array;,4
\size"\\,4
std::endl,4
going,4
ix[0]=i;,4
bases,4
/////////////////////////,4
Is,4
Archivo,4
term,4
right.Val(c);,4
\modify,\,4
idf,4
Pf,4
\=="\<<\,4
APARTE,4
Flux:,4
<SistCoord>,4
ret(left.Numberofvals());,4
MAKE,4
m_Array.push_back(x);,4
nada,4
eq[2];,4
vecino,4
sistemas,4
range-based,4
WRONG,4
&dofhandler),4
sentido,4
OPERATOR=,4
\div"\<<endl;\,4
\"\operator\,4
FluxSol;,4
primero,4
when,4
\MPI_Comm_rank(MPI_COMM_WORLD,\,4
Assign,4
may,4
cuerpo,4
an;,4
sign,4
izquierda,4
options,4
\Prueba(VolField.Numberofvals(),0.);\,4
yet,4
\"\Assign\,4
asi,4
c2,4
Ya,4
true,4
Veo,4
k(1.);,4
map,4
Devuelvo,4
VALUE,4
P,4
statement,4
\"\patch\,4
tambien,4
Mixed,4
v;,4
\std::right,\,4
debo,4
over,4
ecuaciones,4
sections,4
Double-dot-product,4
--------------------------------------//,4
veo,4
IT,4
CONVIENE,4
NEW,4
n,4
\n,\,4
f=0;f<VolField.GridPtr->Num_Faces();f++),4
specified,4
distinto,4
rant,4
Outer,4
temperatura,4
\"\coeff\,4
Iteration,4
Sum,4
Set,4
\campo,\,3
miro,3
\UDiff,pDiff;\,3
wall,3
evaluation,3
cell[1]<<endl;,3
\cell[(*sit)].nodes.push_back(cellFace((*sit),cf).nodes[2]);\,3
(is,3
incremented,3
explicit,3
containing,3
GeomField<T>(left.Numberofvals());,3
WORK,3
flux),3
context,3
(by,3
vT=interp.Interpolate(T);,3
iteradores,3
cell1,3
vi++;,3
lists,3
RECORRO,3
ECUACIONES,3
solution,3
create,3
store,3
PONER,3
been,3
Uf,3
Busca,3
Val:,3
BY,3
\,\,3
Indica,3
np=grid[gid].np;,3
vez,3
Control,3
direction,3
TASKS,3
\"\[I]\,3
imposing,3
based,3
Delf,3
Solve(UEqn==-FvExp::Grad(p));,3
Estas,3
Archivo::Leer_Campo(int,3
Way,3
phi=phi-FvExp::SnGrad(AUr*p);,3
Grad(p)=(pn-pp)/.,3
\coefficient,\,3
(UEqn),3
input(inputFileName);,3
apply,3
Por,3
COSAS,3
nombre,3
\"\AU\,3
//Declaro,3
ESTA,3
SurfaceField<typename,3
convert,3
BCregion,3
\inwards,\,3
comma,3
\<<"\source"\<<endl;\,3
\m*,\,3
eqnsys.Eqn(cell[0]).Ap()+=coeff_ap;,3
Lee,3
\Val(0)"\\,3
INFORMACION,3
ORDER,3
//Esta,3
\face"\<<endl;\,3
RhieChow,3
RHS),3
SYSTEM,3
//Sum_f,3
\expensive,\,3
//Assign,3
width,3
coeff_ap=,3
OPERADORES,3
several,3
defecto,3
&grid;,3
\"\<<neigh<<endl;\,3
INPUT,3
grid[gid].bcCount=count;,3
colocarle,3
BUILT,3
enc=false;,3
Que,3
nleft,3
int2string,3
//Div(mf)=Div(m´f+m*f)=0,3
PETSC,3
redundant,3
Initially,3
subsection,3
Area,3
CON,3
\this->SetMatVal(adof,dof,0.);\,3
//A,3
FI,3
\"\AU*FvExp::Grad(p)"\<<(AU*FvExp::Grad(p)).Val(0).outstr()<<endl;\,3
\p"\\,3
Init,3
//Puedo,3
\<<"\created"\\,3
needed,3
GridPtr,3
ret,3
vi=0;,3
Interpolated,3
Define,3
necesito,3
parte,3
construyo,3
\caras,\,3
[dof][i]:,3
order,3
GRADIENT,3
numbered,3
sparse,3
argv[1]<<endl;,3
Important:,3
\"\face\,3
punteros,3
\"\f"\<<\,3
sequentially,3
rows,3
DIV,3
//Diffusion,3
\Value"\<<phi.Boundaryfield()._PatchField(p).Val(f).Val()<<endl;\,3
positivo,3
Af,3
\this->SetMatVal(dof,adof,0.);\,3
<Nodo>,3
serves,3
Valores,3
\ret.Val(c,val);\,3
When,3
entrada,3
int[3];,3
referencia,3
cvalues,3
\&left,const\,3
conectividad,3
MALLA,3
\Number"\<<VolField.Grid().Num_Cells()<<endl;\,3
UNA,3
coincident,3
//Have,3
vind=0;vind<ind.size();vind++),3
Refers,3
\Flux,\,3
FIX:,3
&right);,3
inverse,3
_Surf_Fv_Field<T>,3
cuadrada,3
sum,3
X,3
//GeomField<T>,3
adof,3
Last,3
GUARDA,3
//8,3
File,3
ESTOS,3
otra,3
T&);,3
PUEDEN,3
\"\Not\,3
FIELDS,3
2D,3
BEING,3
\&dof,\,3
\"\<<cell[0]<<\,3
\ret->Val(c,val);\,3
orth,3
superficie,3
\"\value\,3
entero,3
\"\<<i\,3
Orth,3
Unary,3
(Simply,3
OPENFOAM,3
enc=true;,3
below,3
clases,3
Index,3
Paso,3
(m*f),3
unique,3
}//End,3
Relation,3
1.;,3
//Flujo,3
interp.Interpolate();,3
ITERATION,3
BEGINS,3
finales,3
explode,3
Sum(-rhof,3
FluxField=,3
added,3
defined,3
char,3
subsections,3
Volume,3
outer,3
iniciales,3
//////////////////////////,3
m,3
\&left,\,3
//vf=vf_,3
igual,3
predictor,3
grad,3
ADD,3
Rank=grid[gid].Rank;,3
deferred,3
Reference,3
long,3
itere,3
Solver,3
const;,3
Modification,3
ALL,3
occurance,3
fijo,3
Grad(p´f)Af,3
\cell[(*sit)].nodes.push_back(cellFace((*sit),cf).nodes[0]);\,3
ESTO,3
way,3
//Where,3
//Scalar,3
////////////////////,3
entire,3
TIME,3
nonzero,3
outwards,3
opposite,3
INSIDE,3
patchfield,3
reading,3
face.Fp().outstr()<<endl;,3
Val,3
leo,3
invariant,3
misma,3
iniciado,3
sirve,3
\//Difusion,\,3
dos,3
symmetric,3
VOLFIELDS,3
compute,3
INSTEAD,3
Overbar,3
\"\neighbour:\,3
Def,3
//Esto,3
left.Numberofvals();,3
SURF,3
Entirely,3
SIMPLE,3
(o,3
NOW,3
Patches,3
\tmp<T>&)"\)\,3
ASSIGNED,3
\"\<<U.Val(0).outstr()<<endl;\,3
\way,\,3
called,3
PREVIOUSLY,3
ensamblar,3
OPERATORS=,3
Interpolate,3
\ni,const\,3
members,3
like,3
THEN,3
DONDE,3
various,3
phi_face=phi_cell0,3
m*,3
\Number"\<<VolField.Grid().Num_Faces()<<endl;\,3
*ret;,3
abre,3
\number,\,3
interno,3
dofhandler.Adj_DoF_Number()[dof];,3
Repeat,3
Virtual,3
\"\attempted\,3
\boundary.."\<<endl;\,3
\vertices"\<<endl;\,3
divergence,3
Update,3
cambio,3
if(FluxField.Val(idface)<0.),3
materials,3
(cellit=;icell<VolField.GridPtr->num_cells;icell++),3
FACE,3
\<<"\FluxField\,3
p´,3
//Tengo,3
<<FluxField.Val(f).Val(),3
\cell[(*sit)].nodes.push_back(cellFace((*sit),cf).nodes[1]);\,3
HAVE,3
std::cout,3
PORQUE,3
empty,3
Calculation,3
//eqnsys.Eqn(face.Cell(0)).Source()+=source;,3
Agrego,3
facenodeCount=3;,3
Con,3
Ubicacion,3
Funcion,3
std::set,3
BCs,3
definitions,3
With,3
//Inicio,3
1.Restore,3
altogether,3
\(Min[-mf,0])\,3
fn=0;fn<facenodeCount;++fn),3
Deberia,3
unsigned,3
argument,3
Falta,3
REFERENCE,3
error,3
Momentum,3
DoF,3
MODELO,3
Celdas,3
\bcond,\,3
bcRegion;,3
//We,3
interior,3
\"\Laplacian,\,3
DOES,3
\BOUNDARY,\,3
Div(m*f)+Div(-rho(DfGrad(p´f)Af)=0,3
NumVecElemFound(std::vector,3
facenodeCount=4;,3
VTK,3
numerical,3
Centered,3
3),3
space,3
\internal,\,3
internos,3
fix,3
\"\Corrected\,3
(!face.Is_Null_Flux_Face()),3
pru2(-FvExp::Grad(p));,3
left.Val(c),3
k,3
too,3
\"\Applying\,3
interpolated,3
CHAMGE,3
Grad,3
\dofhandler.AdjDoF(dof,i);\,3
Function,3
//Can,3
\"\Look\,3
libraries,3
phisical,3
(Grad(p)-Grad_(p)),3
Obtaining,3
\CDEqn.Log("\EqLog.txt"\);\,3
Df,3
Indice,3
rawData,3
val.outstr()<<endl;,3
posición,3
HAGO,3
//Rhie-Chow,3
Another,3
per,3
centers,3
Calculo,3
(ind[vind]==v[vi]),3
eqnsys(VolField.Grid());,3
\OutputFile("\VertexField.vtu"\,vT);\,3
Log,3
entries,3
<<FvExp::Grad(p).Val(0).outstr()<<endl;,3
tmp,3
prescribed,3
distancia,3
ALGORITHM,3
GAUSS,3
KSP,3
Inner,3
Son,3
INCLUDE,3
PENDING,3
grid[gid].maps.face2bc.resize(grid[gid].faceCount);,3
era,3
Nodal,3
DEL,3
\includes,\,3
pasar,3
i=0;i<4;i++),3
////,3
i=0;,3
Solved,3
FvField,3
\innerProduct<Vec3D,\,3
(Df),3
p´),3
//Se,3
\"\U(0)\,3
ATENCION:,3
corresponda,3
INVERTED,3
propiedad,3
ve,3
block,3
m´,3
instead,3
empieza,3
option,3
ecuacion,3
until,3
\Source"\<<endl;\,3
Matrix,3
pn,3
int[4];,3
Faces,3
Const,3
ERROR,3
solve,3
enc_elem=false;,3
Sf,3
\"\End\,3
r=0;,3
\<<"\:\,3
lugar,3
\phi"\<<phi.outstr()<<\,3
//4,3
<<AU.Val(0).outstr()<<endl;,3
generar,3
1:,3
cat,3
==>,3
MODIFY;,3
\EQUAL,\,3
\"\Fp\,3
\x,PetscInt\,3
varList[ov],3
mayores,3
info,3
\up=up*-Dp*Grad(p´_p),\,3
deviatoric,2
Operaciones,2
Finitos,2
Prod,2
4:,2
*nasfile;,2
spider,2
\type=\"\Float32\"\\,2
caddef?,2
OLD,2
MyVector(const,2
SALE,2
(!end),2
(match),2
\"\No\,2
opcion,2
//////////////,2
analisis,2
eqnsys.Num_Eqn()<<endl;,2
T&,2
TEMPLATIZE,2
couldn't,2
>>,2
moved,2
\ie,\,2
\vals"\<<VolField.Numberofvals()<<endl;\,2
Default,2
Face[nf].Vert[0]=v1;Face[nf].Vert[1]=v2;,2
DONE,2
Matrix&,2
Posicion,2
std::vector<Cell_CC>::iterator,2
derivado,2
Et,2
MaxDiff,2
\"\Applied\,2
Not,2
r1),2
Material,2
sizeof,2
<<VolField.Grid().Sf().Val(f).outstr(),2
Changed,2
NUMBER,2
anda,2
required,2
copia,2
Component,2
REF,2
\T,unsigned\,2
cellit;,2
\<int>,\,2
typically,2
primeros,2
MODE_READ,2
this->field[face.Cell(0)].outstr(),2
\"\<<inicie_cells<<endl;\,2
FvExp::SnGrad(p),2
projection,2
particular,2
v(this->matdim);,2
hasta,2
\mesh(input.section("\grid"\,0).get_string("\file"\));\,2
LIKE,2
archivos,2
gets,2
[int],2
\"\Node\,2
Gradpf_,2
AL,2
contenedor,2
unica),2
Finite,2
Fv,2
\"\\n"\;\,2
DERIVE,2
negativo,2
\Scalar,\,2
DERIVADA,2
open,2
openfoam,2
\FatalErrorIn("\FluxSol::tmp<T>::operator=(const\,2
//Look,2
DIMENSIONES,2
Insert,2
colocar,2
&val),2
&eqnsys);,2
gradfio,2
(Nrigh,2
vector<Materials>,2
\maxdif=MaxDiff(r,rant);\,2
tb,2
\"\r"\<<r<<endl;\,2
One,2
\..."\<<endl;\,2
vector<int>(4)),2
modify:,2
Distancia,2
cid=0;,2
\"\<<cvalues[meshp].outstr()<<"\to\,2
<type>,2
rawdata,2
\PETSC_Solver<number,dim>::SetbValues(const\,2
Found,2
\"\<<pf<<endl;\,2
f);,2
ESO,2
//Devuelve,2
busco,2
(a>b)return,2
Endeavor,2
bilineal,2
ENTERs,2
v[i]=val;,2
corresponde,2
AUrf_*(,2
fifo;,2
-1,2
<VolField.ConstGrid().Cell(cell[1]).Num_Neighbours(),2
Relacion,2
forman,2
Center,2
sus,2
simpe,2
Looking,2
enc,2
Vertex_Fv_Field<Scalar>,2
Istream,2
//PetscErrorCode,2
aplico,2
pzitelli@gmail.com,2
Tetrahedra,2
Miembros,2
LLAMEN,2
cadenas,2
pasa,2
doubleLists,2
quad,2
c=0;,2
Constant,2
map<vector,2
\eqn=VolField.ToFaces(cid,flux);\,2
\MatAssemblyBegin(this->A,MAT_FINAL_ASSEMBLY);CHKERRQ(ierr);\,2
\match,\,2
gradT,2
Defined,2
punto,2
check,2
igualar,2
SURFACE,2
takes,2
VELOCIDAD,2
\verts,\,2
gradT=FvExp::Grad(T);,2
(!enc,2
T=TEqn.Field();,2
Elementos,2
agrego,2
Coordenadas,2
nf,2
cvalue,2
TETRA,2
INHERIT,2
ambos,2
phi.Boundaryfield().PatchField(i).ConstValue().outstr()<<endl;,2
tipos,2
1000.0;,2
Operations,2
Celda,2
isotropico,2
w/o,2
Grid),2
CHECKMESH,2
_Vertex,2
S>,2
FluxField.Val(f);,2
whether,2
frontales,2
FvGrid,2
Product,2
MyVector,2
\an"\\,2
cost,2
Inserto,2
Former,2
eqn[0].An()face.Cell(0);,2
hacia,2
tamaño,2
Hodge,2
its,2
MyList(),2
sequence,2
//Changed,2
happens,2
ELEMENTO,2
(fio),2
\get"\\,2
Solve(TEqn);,2
plantilla,2
\"\VolField\,2
comparte,2
grad_fio=r[face.Cell(0)];,2
_PatchField,2
\UEqn=FvImp::Div(phi,\,2
\"\id_face"\\,2
Me,2
CAMPO,2
coloca,2
P/N,2
phi.ToCellCenters(CDEqn);,2
//f-fo,2
(gradfio),2
//_CC_Fv_Field,2
PID,2
Prom(const,2
calculated,2
field),2
pf:,2
\laplacian"\<<endl;\,2
EXTREMOS,2
Archivo::Leer_SistCoord();,2
Passed,2
medio,2
ejemplo,2
parent,2
Assumed,2
determinant,2
gauss,2
\ranges,\,2
Conditions,2
Grid::ReadCGNS,2
Reads,2
Take,2
\"\validpfid:\,2
\OutputFile("\CellField.vtu"\,T);\,2
VOLUMENES,2
Sumo,2
alpha_u*FvExp::SnGrad(pcorr);,2
What,2
FindAllVals(std::vector,2
evitar,2
where,2
POnerlo,2
//Variable,2
\"\<<right.EqnV().size()<<endl;\,2
display,2
Tolerancia,2
do,2
\"\meshp:\,2
differents,2
&vec),2
Neigh,2
entidad,2
cad);,2
estructurada,2
\zones,\,2
entra,2
\cara,\,2
SISTEMA,2
enc;,2
\<<"\\,2
pTraits,2
&b),2
Dual,2
timec=(double),2
<<localncell<<endl;,2
\id:"\\,2
caracter,2
\neighbours"\<<endl;\,2
//facefi,2
\"\Returning\,2
(INTERIORES),2
GRID,2
-FvExp::Grad(p);,2
;,2
estas,2
Sozer,2
boco,2
SOLAS,2
\ap"\\,2
LOG(num_verts),2
CTRIA3leo,2
MANTENERLO,2
nonzeros,2
res+=,2
ToCellCenters(EqnSystem,2
//Search,2
genera,2
obtain,2
quien,2
stencil,2
\argc,\,2
face.Fp()*fieldnc[face.Cell(0)]+(1.0-face.Fp())*fieldnc[face.Cell(1)];,2
Input,2
<<vi,2
plano,2
area,2
vector<vector<int>,2
\"\Created"\\,2
considero,2
ragon,2
//Simply,2
perteneciente,2
--,2
\<<"\extiting"\<<endl;\,2
todas,2
destroyed,2
iv=0;iv<this->Cell(bpelem[bp][el]).Num_Vertex();iv++),2
n=y[0];,2
FVGRID;,2
\Log"\<<endl;\,2
matches,2
AN,2
\(VolField,\,2
//Instead,2
Nastran(cad);,2
///////////////////////////,2
derivadas,2
\"\interpolated\,2
(rank=1),2
inherit,2
\s1,s2;\,2
deciumales,2
NULL,2
fio,2
some,2
restantes,2
THAT,2
related,2
\Faces"\\,2
position,2
<Vec3D>&,2
\"\field\,2
\size"\<<\,2
str,2
\nz,const\,2
f=0;f<r.Grid().Num_Faces();f++),2
\cout<<"\Interpolating\,2
\vec(4,\,2
Solve(pEqn==FvExp::Div(phi));,2
PC,2
list<T>,2
vs,2
skew-symmetric,2
asigno,2
Merge,2
\face,\,2
\type=\"\Int32\"\\,2
<double>,2
coeff_ap=-1.;,2
\"\row\,2
..,2
numeran,2
creo,2
&i)const,2
(or,2
Assume,2
condiciones,2
///////,2
R,2
VolField.Grid().Sf(),2
(),2
FluxSol::Vector,2
file:,2
containers,2
temp,2
(endtime-starttime),2
hacerlo,2
escribir,2
via,2
baricentros,2
----------------------------,2
//los,2
Case,2
//Construyo,2
//Compare,2
//Take,2
_Field<typename,2
changing,2
pcell,2
FACES,2
Cells,2
we'll,2
sugno,2
\VecGetValues(this->b,1,ix,y);\,2
DIVERGENCE,2
5),2
\OutputFile("\VertexField.vtu"\,intphi);\,2
[],2
mu,2
OuterProd(const,2
\ficticio,\,2
\TEqn.Log("\EqLog.txt"\);\,2
Here,2
\Value"\<<endl;\,2
\"\val"\\,2
multiple,2
should,2
duplicates,2
\cvalues[meshp]=section("\grid"\,0).subsection("\BC"\,pf).get_string("\U"\);\,2
(!face.Boundaryface()),2
eqns,2
\"\Face:\,2
8:,2
Versor,2
vecinas,2
FvGrids,2
ref,2
cell[c].faces.size(),2
Donde,2
includes,2
(InputFile,2
zoneCoordMap,2
NORMALIZE,2
\"\<<validpfid<<endl;\,2
\(FvImp::Laplacian(k,\,2
\empty,\,2
\coma,\,2
N,2
strings,2
zonas,2
model,2
Pfo,2
\const"\)\,2
CLOCKS_PER_SEC,2
occursr,2
idface<<endl;,2
Solution,2
typedef,2
DOFHANDLER,2
FvExp::Interpolate,2
match=false;,2
equations,2
tempNodes,2
Brick,2
//Este,2
\"\Getting\,2
Especializacion,2
PN,2
cambian,2
//No,2
VIRTUAL,2
dependiendo,2
\Ap"\<<\,2
include,2
c=0;c<grid[gid].cellCount;++c),2
vT;,2
duplication,2
\{0,3,2,1},\,2
ways,2
facefi.outstr()<<endl;,2
Fixed,2
proximo,2
\"\Obtaining\,2
WORKING,2
ubicar,2
FREE-CFD,2
\boundary"\<<endl;\,2
direccion,2
\list,\,2
\cout<<"\Writing\,2
//--------------,2
verts[0]));,2
\eqnsys.Eqn(cell[1]).An(neigh2,coeff_ap);\,2
(faces,2
centrado,2
lista,2
Archivo::Archivo(std::string,2
\field"\<<endl;\,2
<<vind<<endl;,2
above,2
Ajusto,2
<<faceid<<endl;,2
\row+dim+1<<"\,"\<<columnid+dim+1<<"\)"\<<"\="\\,2
compiled,2
\"\\"\\,2
\"\Neighbour"\\,2
//return,2
bpfaces.push_back(temp);,2
\"\cvalue\,2
//ierr,2
ofstream,2
normalizado,2
range,2
\PETSC_Solver<number,dim>::PreAllocateRows(const\,2
(which,2
main(int,2
PUEDO,2
&v);,2
intLists,2
\id,\,2
Informacion,2
Tensor,2
otras,2
indexes,2
dim,2
digitos,2
\this->SetMatVal(dof,dof,1.);\,2
Types,2
Convert,2
&inputfile);,2
WHICH,2
\cell"\\,2
connected,2
(istringstream(cadtemp),2
crea,2
col:,2
\MatAssemblyEnd(this->A,MAT_FINAL_ASSEMBLY);CHKERRQ(ierr);\,2
caracteristica,2
VecGetValues(Vec,2
ACTIVE,2
since,2
\"\returning\,2
crear,2
\grad:"\\,2
//LO,2
FvImp::Div(U));,2
\1,0\,2
CORD2XXX,2
Tracevec(num_verts_xyz);,2
RBE2,2
Pero,2
TEMPORARYLLY,2
Ecuacion,2
<initializer_list>,2
Node,2
TEqn;,2
exists,2
\TEqn(FvImp::Laplacian(k,T))\,2
TENER,2
Punto,2
returns,2
\temporary"\\,2
elemConnectivity,2
diez,2
\"\<<inicie_nodes<<endl;\,2
readers,2
mesh.Sf()),2
numbering,2
SphericalTensor,2
veces,2
adentro,2
vector<vector<int>>,2
precarga,2
INICIAR,2
vector<T>,2
pEqn.Eqn(36).SetValueCondition(0.);,2
\if(strncmp(lineas[j].c_str(),cadena.c_str(),4))\,2
(campos,2
side,2
Same,2
Podria,2
Uf_,2
Archivo::Leer_Elementos();,2
\"\(From\,2
eqnsys(VolField.Grid().Num_Cells());,2
make,2
also,2
boundaryfield,2
\faces,\,2
GeomSurfaceField,2
PODRIA,2
according,2
\"\Input\,2
phi=phi-alpha_u*(AUrf_*FvExp::SnGrad(prod));,2
coloco,2
\id"\<<\,2
fieldnc),2
levantar,2
vector),2
\"\UEqn\,2
grad_fio=(r[face.Cell(0)]*(1-face.Fp())+r[face.Cell(1)]*face.Fp());,2
\Cells,\,2
Destructor,2
Conectividades,2
associate,2
iteracion,2
verdadero,2
Only,2
\TEqn=FvImp::Laplacian(k,T);\,2
\"\vi\,2
\"\externo"\\,2
\Conveccion,\,2
\Log"\<<endl<<UEqn.outstr()<<endl;\,2
Div;,2
van,2
n;,2
Used,2
//EqnSystem,2
Diffusion,2
Le,2
invalid),2
max(const,2
\cout<<"\Solving\,2
\eqnsys.Eqn(cell[0]).An(neigh,coeff_an);\,2
//Eqn,2
\"\end\,2
Get,2
ANOTHER,2
this->field[face.Cell(1)].outstr(),2
Uf_.outstr()<<endl;,2
material=SetMaterials();,2
gradientes,2
r++;,2
//ESTO,2
(fifo+(grad_fio&fof));,2
i=0;i<this->matdim;i++),2
System,2
\phi"\\,2
eqn;,2
acuerdo,2
<VolField.ConstGrid().Cell(cell[0]).Num_Neighbours(),2
Comienza,2
\cells,\,2
MyList,2
\&s,\,2
FINITOS,2
res,2
0.;,2
begins,2
(ver,2
DOS,2
eqnsys.Eqn(face.Cell(0)).Source()+=source;,2
//With,2
Requiere,2
ITERATIONS,2
&eqn,2
\UEqn=FvImp::Div_CDS(phi,\,2
Endurecimiento,2
EQ,2
BASED,2
Sistemas,2
rapido,2
matriz,2
supone,2
FvExp,2
BUT,2
fof=face.Dist_pf_LR(0)-(face.Dist_pf_LR(0)&face.e_PN())*face.e_PN();,2
VOLUMETRICO,2
Number),2
vind,2
Convection,2
!!!!!!!!!!!!!!!!!!!,2
outputting,2
Contribution,2
y[]),2
connectivities,2
//then,2
fo-f,2
Prueba,2
refer,2
user,2
vec_pn.outstr()<<endl;,2
\"\calculating\,2
///,2
UEqn==gradpV;,2
coeff_an.Val()<<endl;,2
means,2
\"\Local\,2
Interpolation,2
\ix[],PetscScalar\,2
PATCHES,2
Calculate,2
//This,2
componente,2
SET,2
}//While,2
Dist_pf_LR,2
Time,2
FvExp::Grad(T);,2
//RECORRO,2
\zone,\,2
a;,2
iniciarlo,2
AUTOMATICALLY,2
\eqnsys.Eqn(face.Cell(0)).Coeffs(ap,an);\,2
caracteristicas,2
Main,2
multiplica,2
gcc,2
Miro,2
vpatch.push_back(p);,2
suma,2
exit(1);,2
1/Vp,2
\region,\,2
\Archivo::Cargar_SistCoord(conect,ind_cbush,numcbush,numnodos);\,2
Manejo,2
//const,2
facefield=field.FaceInterpolate();,2
argumentos,2
\Eqn"\<<endl;\,2
prod(field,2
UEqn.A.outstr()<<endl;,2
modifico,2
\"\Interp\,2
ints,2
int>,2
increment,2
Sirve,2
Incluyo,2
FORMA,2
MyVector(),2
nuevo,2
ultimo,2
\PruEqn=FvImp::Div(fip,Tpru);\,2
\*---------------------------------------------------------------------------,2
\"\(Indexes\,2
//eqn[0].An()face.Cell(0);,2
\idbcellasoc(boundelem,vector<int>(2,-1));\,2
\files"\<<endl;\,2
Average,2
Strip,2
\Tetra,Prism,\,2
orientation,2
\malla(10,10,1.0,1.0);\,2
beginning,2
\U)-FvImp::Laplacian(k,U);//TO\,2
Modif,2
6,2
VALS,2
INCLUIR,2
_Face(const,2
MODIFIED,2
cellit,2
fifo,2
r.Grid().Face(f);,2
//Numero,2
source=VolField.Boundaryfield()._PatchField(p).Val(f)*fi;,2
propio,2
External,2
*argv[]),2
phi=phi,2
\solve(Laplacian(k,T)==0);\,2
\"\Num\,2
//Id,2
2007-2010,2
---------------------------------------------------------------------------*\,2
FaceArea)),2
match=true;,2
ToFaces(const,2
poner,2
pass,2
muy,2
val=y[0];,2
FREE_CFD,2
--------------------------------,2
\nodos,\,2
\Malla,\,2
anteriores,2
effects,2
Vec3Ds,2
flux[iface].Val();,2
Gradientes,2
owner,2
cell[2];,2
find,2
\(cad.find("\CBUSH"\,0)!=cad.npos)\,2
interpolacion,2
tomo,2
5:,2
lee,2
Passing,2
Divide,2
1],2
coeff_ap.Val()<<endl;,2
segundo,2
encontre,2
cambiada,2
//typename,2
CenterToFaceInterpolation,2
Vectors,2
mwall(lmovwallfaces);,2
eqnsys(VolField);,2
facefield,2
Puede,2
\&a,\,2
<<interp.Interpolate().Val(f).outstr(),2
routines,2
BORDE,2
already,2
\"\Sf\,2
VERSIONS,2
intphi=interp.Interpolate(phi);,2
stringLists,2
written,2
collapse,2
PRESION,2
Declaration,2
Emre,2
encontrados,2
Volumenes,2
emresozer@freecfd.com,2
doubles,2
(base),2
REFER,2
buscan,2
compare,2
//////////////////////////////////,2
SPEED,2
scalars,2
edge,2
everything,2
GEOMFIELD,2
PETSc,2
centrados,2
//Agrego,2
agregarle,2
reader,2
CORRECTION,2
\"\cell\,2
*GridPtr;,2
CONSTRUCTORES,2
\"\Uf_\,2
y[0],2
define,2
created,2
(vi<v.size()),2
\"\Inverted"\<<endl;\,2
\K("\\,2
InputFile,2
\"\global\,2
CenterToVertexInterpolation,2
form,2
\FIELD,\,2
pcellid<<endl;,2
(begining,2
dimension,2
conversion,2
sumolos,2
6:,2
dato,2
eqn=FaceGrad,2
directory,2
//El,2
MatAssemblyEnd,2
ns[gid].T.node(n),2
malla.ReadCGNS();,2
mark,2
(GeomField<T>,2
Different,2
comparacion,2
\CELDAS,\,2
cuenta,2
system,2
\sizes"\<<\,2
\"\is\,2
Sum_faces(external,2
(Pf&ePN)ePN,2
OJO,2
referencias,2
lque,2
FluxField(VolField.ConstGrid().Num_Faces());,2
nbrid),2
deben,2
cast,2
/*&&,2
Exit,2
bonudary,2
\created."\<<endl;\,2
vecinos,2
baffle,2
SURF_FV_FIELD,2
fo-f//Here,2
s1=s2;,2
averages,2
sea,2
\vec_pn"\<<vec_pn.outstr()<<endl;\,2
\"\Field\,2
\manualmente,\,2
\&col,\,2
nbr_eqn.push_back(VolField.Grid().Cell(c));,2
{},2
Rigids,2
overwritten,2
baseName[20],2
b;,2
\Size"\\,2
phi.Boundaryfield().PatchField(p).Val(f).outstr()<<endl;,2
llamar,2
dof=0;dof<dofhandler.NumDoF();dof++),2
duplicate,2
\"\Modelo.h"\\,2
\PETSC_Solver<number,dim>::ApplyBCOnDoF(const\,2
zero),2
COMPONENT,2
MyList(const,2
divido,2
phi=,2
_Surf_Fv_Field<typename,2
Asigno,2
EQN,2
c1,2
deallocated,2
air,2
hola;,2
original,2
AS,2
\reconstruccion,\,2
runs,2
Scheme,2
CORRECTIONS,2
(cellit=cell.begin();cellit!=cell.end();cellit++),2
materiales,2
USA,2
calcula,2
\flux"\<<endl;\,2
SymmTensor,2
r[c]+=(facefi[f]*r.Grid().Face(f).Af());,2
\<<"\boundary"\<<endl;\,2
internal=false;,1
real,1
Tracevec(num_cells_xyz);,1
<Patch>,1
currpatch=p;,1
y()*y(),1
\"\_x"\;\,1
\OuterProduct<T,Vec3D>\,1
SC,1
\//eqnsys.Eqn(cell[1]).An(neigh2,coeff_ap);\,1
fn=0;fn<tempFace.nodeCount;++fn),1
\phi.Val(wallfaces[wf],0.0);\,1
//BOUNDARY,1
phi.outstr()<<endl;,1
\section("\grid"\,0).subsection("\writeoutput"\).register_int("\loadfrequency"\,optional,1e10);\,1
*tempNodes;,1
escriba,1
problem,1
//},1
\this->value.assign(field.Numberofvals(),v);\,1
decenas,1
<<sortfacemap[tempNodesSort]<<endl;,1
interpolación,1
LLAMO,1
m<0,1
abajo,1
n=0;n<grid[gid].cell[c].nodeCount;++n),1
prolija,1
included,1
ESTO!!,1
operator/(const,1
puntero?,1
problems,1
//ATENCION,1
Materials,1
fsal=fsalida;,1
padre,1
\valid,\,1
\Info"\<<endl;\,1
phi(malla);,1
salir,1
\ejemplo,\,1
Crea,1
tam,1
SIRVEN,1
utilizado,1
ret.GridPtr=right.GridPtr();,1
Ad,1
rans[gid].k.node(n),1
EqnSystem<T>::EqnSystem(_CC_Fv_Field<T>,1
uso,1
buscar,1
//Inserto,1
sortfacemapit=sortfacemap.find(tempNodesSort);,1
ns[gid].update[4].node(n),1
\5,\,1
e=0;e<eqnsys.Num_Eqn();e++),1
Pushing,1
Ut(this->mesh);,1
numerar,1
\LARGA,\,1
Test,1
possibility,1
field[face.Cell(0)].outstr(),1
v1=(*cellit).Id_Vert(i);,1
leer,1
\"\c1\,1
\material_input[gid].section("\viscosity"\).register_double("\referenceviscosity"\,optional,1.716e-5);\,1
&dofhandler;,1
funciona,1
grad.Val()<<endl;,1
MatSetValues,1
VEC3D,1
\//ierr=MatSetValue(this->A,1,&row,1,&col,&value,INSERT_VALUES);\,1
construccion,1
\{2,3,7,6}\,1
(cell[(*sit)].nodes[cn]==cell[(*sit)].nodes[cn2]),1
privados,1
f<GridPtr->Num_Faces();,1
type;,1
z,1
Resuelve,1
//DESDE,1
join,1
\(varList[ov]=="\gradomega"\)\,1
Estilo,1
passed,1
iora),1
\section("\grid"\,0).subsection("\transform"\,0).register_Vec3D("\anchor"\,optional,0.);\,1
explicitas,1
\material_input[gid].section("\Cp"\).register_doubleList("\coefficients"\,optional);\,1
\number"\\,1
\mass"\,optional,28.97);\,1
plane,1
fila,1
tridimensional,1
CBush::CBush(),1
&eqnsys),1
_PatchFields,1
//la,1
\comp"\<<numberofcomp<<endl;\,1
ASOCIACIONES,1
std::scientific,1
NUEVO,1
COLOCARLO,1
coknclusion,1
num_cells_d=num_faces_ext*dummyxface;,1
numintcells++;,1
numberofcomp*width_cells,1
num_faces_int=nf;,1
equations;,1
\COMA,\,1
MatDestroy(&A);CHKERRQ(ierr);,1
\MatSeqAIJSetPreallocation(this->A,PETSC_NULL,&nnz[0]);\,1
pf,1
idcells,1
transpose,1
!grid.Face(f).Is_Null_Flux_Face()),1
Toma,1
diagnostic,1
Style,1
varias,1
vp){patch=vp;},1
eqnsys.Eqn(face.Cell(0)).Ap()+=ap;,1
anything,1
Tipo,1
Geometria,1
MODIFICATIONS,1
cbush,1
skip;,1
chapter,1
\section("\timemarching"\).register_double("\CFLlocal"\,optional,1000.);\,1
esparsos,1
\{3,4,2,0},\,1
//In,1
vy,1
ALGLIB,1
cell_matched_bc=-1;,1
cases,1
Overloaded,1
termino,1
VolField),1
this->value[c]&right.value[c];,1
\v.size()<<"\,\,1
(!internal),1
(*cellit).Face[i]=nf;,1
(ri,1
following:,1
value[v]=val;,1
/////////////////////////////////,1
away,1
2da,1
residual,1
\PETSC_Solver<number,dim>::\,1
tira,1
\fuente,\,1
ret.value[c],1
\"\Internal\,1
significativas,1
\section("\grid"\,0).subsection("\writeoutput"\).register_int("\plotfrequency"\,optional,1e10);\,1
iniciacion,1
real_2d_array,1
ameno,1
operator^(const,1
(this->cell[c].Num_Vertex()),1
((*cellit2).Id_Vert(i21+1)==v1,1
llamaba,1
fvmodel(archivo);,1
p++;,1
\"\Nastran.h"\\,1
BUG,1
bc's,1
eqnsys.Eqn(cell[1]).Ap()-=coeff_an;,1
Edge,1
FluxSol::tmp<T>::operator()(),1
Penta,1
\index,\,1
cad,1
Operations.h/cpp,1
(from,1
std::vector<double>,1
\p,\,1
ese,1
(ie,1
(internal),1
operaciones,1
subir,1
really,1
val:,1
llamo,1
incluir,1
(enc),1
\creadas,\,1
delimiter,1
commonvertcells,1
grandes,1
\(varList[ov]=="\resp"\)\,1
ret=*this;,1
moviendo,1
ov=0;ov<varList.size();++ov),1
(inicie_cells),1
\section("\grid"\,0).subsection("\IC"\,0).register_double("\radius"\,optional);\,1
j<<endl;,1
GeomField(const,1
\"\column\,1
So,1
\Hexa,\,1
//New,1
rectangular,1
extremo,1
last,1
\FatalErrorIn("\FluxSol::tmp<T>::operator->()"\)\,1
retorna,1
::type>(this->Numberofvals());,1
f=1;f<5;f++)//recorro,1
Declare,1
push_back()...`,1
Coeficientes,1
enc_elem=true;,1
num_faces_int=nfi;,1
CREATE,1
////Devuelve,1
unique_nodes.push_back(tempNodes[fn]);,1
_CC_Fv_Field<Scalar>,1
\(varList[ov]=="\mu"\)\,1
res;,1
finalizes,1
(optional),1
\format),\,1
//PARAMETERS,1
(vi<v.size(),1
vert=nasfile->Leer_Nodos();,1
Remove,1
MAT,1
norm_ad=Af.Af/(Af.ePN),1
dim=0;dim<numberofcomp;dim++),1
vol,1
cval,1
reducido,1
\"\<<deffaceverts.size()<<endl;\,1
ns[gid].update[1].node(n),1
\"\</VTKFile>"\\,1
this->Idgrid_domain(fid)),1
this->p=_CC_Fv_Field<Scalar>(this->mesh);,1
especifico,1
tempFace.bc=INTERNAL_FACE;,1
\enc=FindAllVals(faceverts,this->Face(idf).Vert());\,1
\"\<<idvert\,1
id:,1
iterations,1
(i<3),1
Non,1
\"\<<ind.size()<<endl;\,1
\VecDuplicate(x,&u);CHKERRQ(ierr);\,1
Sólo,1
primitive,1
timeEnd=MPI_Wtime();,1
CONSTREF,1
ret.GridPtr=&left.Grid();,1
Extrcted,1
\ptr"\;\,1
Vertex_Fv_Field,1
situations,1
references,1
U.Boundaryfield().PatchField(i),1
S,1
\"\Inserted\,1
((facepos)>cellsperface.size()),1
Colocando,1
IMPORTANTE,1
\list"\<<endl;\,1
repeated_nodes.clear();,1
\Name=\"\types\"\\,1
nbr_id;,1
Value,1
PetscFinalize();,1
field[face.Cell(1)].outstr(),1
Private,1
MatSetValues(),1
(fn=0;fn<3;++fn),1
N-R,1
caddef[poscoma]+=cadtemp[poscoma];,1
surfaceMesh>&),1
PARTIRLA,1
EXTERNO,1
\T>,\,1
\fabs(ns[gid].V.node(n))/ns[gid].material.a(ns[gid].p.node(n),ns[gid].T.node(n))\,1
Voy,1
\"\v\,1
Division,1
\U),\,1
media,1
Repaso,1
coeff_an;,1
\(varList[ov]=="\V"\)\,1
FvExp::Interpolate(this->U);,1
grid(fi.GridPtr()),1
convectivo,1
\<<U.Cmp[numberofcomp*e+dim+1]<<"\\,1
reales,1
-ksp_view,1
p=0;p<3;p++),1
object:,1
Override,1
comenzo,1
ESCRIBO,1
igualarlo,1
(i==0),1
(if,1
vd1(vvert[cellit->Vert(1)-vvert[cellit->Vert(0)]);,1
\cin,\,1
derivada,1
inline!,1
PUBLICOS,1
longitud,1
siguiente,1
ns[gid].p.node(n),1
\Rank="\\,1
i21=0;i21<4;i21++),1
interface,1
times,1
PETSC_Init();,1
dando,1
libres,1
informacion,1
\v1,v2;\,1
\dim"\\,1
(!skip),1
scientific,1
Malla,1
vd2(vvert[cellit->Vert(1)-vvert[cellit->Vert(0)]);//prod=;,1
Originally,1
\&ids,const\,1
\(FvImp::Laplacian(kdiff,\,1
UNARY,1
Rank;,1
\OutputFile("\VertexField-U.vtu"\,vv);\,1
\"\<<res.outstr()<<endl;\,1
//To,1
\KSPGetIterationNumber(ksp,&its);CHKERRQ(ierr);\,1
<<this->face.size()<<endl;,1
\"\</Points>"\\,1
queda,1
program,1
FvEqnSystem,1
\1),\,1
VISUALIZE,1
unique=true;,1
elastoplástico,1
Matriz,1
Patch::Calculate(),1
construir,1
Depende,1
Defino,1
\(varList[ov]=="\lambda"\)\,1
//O,1
O(log,1
\U=Vec3D(0.01,0.,0.01);\,1
Patches:,1
myset.find(x)),1
TILL,1
kdiff=material[0].k;,1
acá,1
\(varList[ov]=="\gradT"\)\,1
(conect[1]==Nodos[n].VerId_Nastran()),1
\(fi,U)=Div\,1
TEMPORARY,1
tempNodes[fn]=unique_nodes[fn];,1
dummy!!!,1
three,1
(phi.Boundaryfield()._PatchField(p).Type()==FIXEDGRADIENT),1
lso,1
\ret=Eqn<T>(pid,nids);\,1
\FvImp::Div(U&mesh.Sf(),phi));\,1
;//<<,1
NODO,1
iniciar,1
routine,1
PRIVADOS,1
Arguments,1
//VecSetValues(Vec,1
\section("\grid"\,0).registerSubsection("\navierstokes"\,single,optional);\,1
\"\Matrix\,1
booleano,1
Field::ApplyBC,1
VALUES,1
\"\</Cells>"\\,1
\ierr=VecSetValues(this->b,1,&dof,&n,INSERT_VALUES);\,1
<VolField.ConstGrid().Cell(cell[1]).Num_Neighbours()*/),1
Templates,1
incluya,1
ONTE,1
ns[gid].gradT.node(n)[i],1
pequeño,1
\Face"\<<cellit->Id_Face(intface);\,1
\//TEqn=(FvImp::Laplacian(kdiff,T)==0.);\,1
cifras,1
desprolijo),1
\MODIFIED,\,1
\material_input[gid].registerSection("\thermalconductivity"\,single,optional);\,1
MODIFY!,1
correccion,1
tan,1
\section("\grid"\,0).register_string("\equations"\,required);\,1
_USE_32BIT_TIME_T,1
ve.cross((verts[v]-verts[0]));,1
saco,1
\read("\reference"\);\,1
Viscosity,1
vec/=vecs.size();,1
performance,1
topvalue=1.;,1
(*cellit2).Id_Vert(0)==v1))//Encontre,1
GEOMETRICO,1
numcells,1
(*mesh);},1
<T>::_CC_Fv_Field(InputFile,1
puntos,1
//PENDIENTE,1
operator/,1
altura,1
v[]),1
\3d,\,1
!=,1
ind[vind]<<,1
READS,1
G,1
Escalar?,1
positivas,1
format,1
Encontro,1
fabs,1
(vec_pf_LR[idnode[0]].dot(e_pn))<<endl;,1
diension,1
\sec"\\,1
(N-P)dist,1
TIENEN,1
c<cellCount;,1
Rutina,1
(1,1
third,1
your,1
identifica,1
Rehago,1
\section("\grid"\,0).subsection("\transform"\,0).register_Vec3D("\axis"\,optional,0.);\,1
this->value[fid];,1
\esto,\,1
longer,1
tetraFaces[4][3]=,1
DEJO,1
//dummy,1
tanta,1
AFUERA,1
\section("\timemarching"\).register_double("\stepsize"\,optional,1.);\,1
CARAS,1
navier,1
ATENTION!!,1
\inputFileName="\InputEx.in"\;\,1
//Poruqe,1
FvImp::Div(_Surf_Fv_Field<Scalar>,1
gradient),1
LOCATED,1
ReadGridBoundary(),1
\"\bval\,1
\cadtemp.find("\+"\,0)!=cadtemp.npos)\,1
Operator,1
\{0,1,4,3}\,1
\PETSC_Solver<number,dim>::ResetMatrix(const\,1
vfield.Val(v).outstr()<<endl;,1
equals,1
\<<row+dim<<"\\,1
\comp(a,b)?b:a;\,1
(fixed,1
orientacion,1
(Recordar,1
Relaxation,1
SEARCH,1
Poner,1
VEC,1
diferencia,1
MATERIALES,1
twice,1
TEMPLATE,1
Num,1
verts[0]).cross((verts[v],1
&nnz),1
Signo,1
ptr_),1
b,1
facecells[sortfacemapit->second].push_back(c);,1
i=0;i<4;i++)//primer,1
PASAR,1
\section("\grid"\,0).subsection("\writeoutput"\).register_stringList("\includebcs"\,optional);\,1
dimension=int(pTraits<T>::rank);,1
//Cell,1
\"\Log.h"\\,1
inicializadas,1
mayor,1
SIMPLY,1
ns[gid].material.viscosity(ns[gid].T.node(n)),1
beam,1
\section("\grid"\,0).registerSubsection("\material"\,single,optional);\,1
wallvalue=0.;,1
Nodes,1
facecells,1
begining,1
contained,1
Always,1
\building,\,1
\(varList[ov]=="\limiterV"\)\,1
right.Ap());,1
prismFaces[5][4]=,1
\section("\grid"\,0).subsection("\navierstokes"\).register_string("\convectiveflux"\,optional,"\AUSM+up"\);\,1
PetscFinalize(),1
\ns[gid].material.rho(ns[gid].p.node(n),ns[gid].T.node(n))\,1
ptr_;,1
\"\RHS:\,1
ret(right.Numberofvals());,1
}//boundary,1
\format=\"\ascii\"\>"\\,1
\ierr=MatSetValues(this->A,1,&row,1,&col,&value,ADD_VALUES);\,1
\material_input[gid].registerSection("\viscosity"\,single,optional);\,1
face=VolField.Grid().Face(idface);,1
ONE,1
Code,1
//La,1
\file.open((fileName).c_str(),ios::out);\,1
Cara,1
\e.g.,\,1
\Nodes,\,1
no/,1
af,1
edgeclamp,1
\<<"\vec_pn\,1
TEMPERATURE,1
registration,1
malla.nodes.size(),1
INLINE!,1
SURFACEField,1
init_an;,1
Archivos,1
muchos,1
\decimales,\,1
Based,1
Atencion,1
template?,1
\Velocity"\\,1
//Lo,1
&v){comp[0]=comp[1]=comp[2]=v;};,1
\this->Elementos[e].Tipo()=="\CTRIAR"\\,1
CREAR,1
\Return,\,1
VECTORIALES,1
\pos,\,1
\"\Velocity\,1
\"\<<bval<<endl;\,1
Stencil,1
\section("\grid"\,0).subsection("\turbulence"\).register_double("\khighlimit"\,optional,1.e4);\,1
v=0;v<value.size();v++),1
EDGECLAMPS,1
(sit=faceverts.begin();sit!=faceverts.end();sit++),1
job,1
\MatSetValues(this->A,1,row,cols.size(),cols,&vals[0],INSERT_VALUES);CHKERRQ(ierr);\,1
f=0;f<VolField.ConstGrid().Num_Faces();f++),1
//SIEMPRE,1
\section("\timemarching"\).register_int("\numberofsteps"\,required);\,1
otorgando,1
(distr==CONSTVALUE),1
//Iniciadas,1
bval=-matval*n;,1
OutputFile,1
adelante,1
\"\Id\,1
ns[gid].limiter[0].node(n),1
c2;,1
extracting,1
SENTIDO,1
sprintf,1
(cell[c].faceCount,1
vector<Vec3D>,1
would,1
internal=true;,1
CQUADR,1
inter-partition,1
(!field.ConstGrid().Face(f).Boundaryface()),1
\"\Reading\,1
vol+=face.Af()&face.Center();,1
CIENTIFICA,1
newline,1
count-1,1
cero,1
interp(VolField);,1
&fvfield);,1
ceros,1
FILES,1
Redundance,1
\FatalErrorIn("\const\,1
TEqn=input.ReadEqnSys(mesh);,1
U);,1
Iteradores,1
\"\SEARCHING\,1
//y,1
cell[c].Cell[f]=face[Cell[c].Face[f-1]].Cell[0];,1
\solution,\,1
(vector,1
unique_nodes.clear();,1
espacio,1
(GridPtr->Face(f).Boundaryface(),1
\material_input[gid].section("\thermalconductivity"\).register_double("\Pr"\,optional,0.7);\,1
-pc_type,1
rigids,1
//col,1
\mallas,\,1
miles,1
INITIALLY,1
Coordinates,1
vc.push_back(cell);,1
\fisurf.Val(f,VolField.Val(pcellid));\,1
\ierr=VecSetValues(this->b,1,&row,&value,INSERT_VALUES);\,1
sorted,1
\FAST,\,1
\section("\grid"\,0).subsection("\IC"\,0).register_string("\region"\,optional,"\box"\);\,1
T(malla);,1
\an.assign(FvGrid.Cell(c).Num_Neighbours(),init_an),\,1
i=0;i<numfaces;i++),1
Norm,1
Salida,1
Clamps,1
eqn.push_back(eq);,1
fill,1
r[c].outstr()<<,1
os,1
faceverts;,1
vec+=vecs[i];,1
\"\Neighbours\,1
\MatAssemblyBegin(this->A,MAT_FINAL_ASSEMBLY);\,1
sintax,1
\"\Int\,1
ostream,1
FN,1
\"\Nodes:\,1
\ierr=MatGetValues(this->A,1,idxm,1,idxn,y);\,1
(flux[iface].Val()>0.),1
\size,\,1
//row,1
get,1
TIPO,1
f=0;f<phi.ConstGrid().Num_Faces();f++),1
grad=(fval-pval)*face.Norm_ad()/fabs(face.Dist_pf_LR(0));,1
\"\<PointData\,1
\Opciones,\,1
d=FluxField.Val(f).Val();,1
cambiar,1
this->an.size();,1
<<numfaces<<endl;,1
HACERLOS,1
FIRST,1
symmetry,1
strs,1
+(const,1
GeomField<typename,1
able,1
&vecs),1
\Name=\"\connectivity\"\\,1
Cuerpo,1
of.WriteField(vF);,1
(cell[c].Num_Vertex()),1
lib,1
files,1
(Vertex,1
\ApplyBCOnDoF(dof,\,1
ceras,1
INTERNO,1
VER,1
\section("\grid"\,0).subsection("\IC"\,0).register_double("\turbulenceintensity"\,optional,1.e-2);\,1
Ap(const,1
i=0;i<mesh.vBoundary().Num_Patches();i++),1
Posee,1
\section("\timemarching"\).register_double("\CFLmax"\,optional,1000.);\,1
cmpo,1
pval=,1
total,1
\p.Val(36,0.);\,1
memory,1
\VecNorm(x,NORM_2,&norm);CHKERRQ(ierr);\,1
\(e.g.,\,1
COMO,1
\"\../Input/Input.h"\\,1
std::sort,1
(flux[iface].Val()<0.),1
ns[gid].gradrho.node(n)[i],1
\<<e<<"\]:\,1
\(varList[ov]=="\k"\)\,1
\"\Assigned"\<<endl;\,1
digo,1
_Field<T>::operator&(const,1
source=VolField.Boundaryfield().PatchField(p).Val(f);,1
Quiero,1
\e_pn"\\,1
spaces,1
Exactly,1
\material_input[gid].section("\viscosity"\).register_double("\referencetemperature"\,optional,273.15);\,1
\WORKS,\,1
Conversion,1
\<Type,\,1
processing,1
ending,1
badpatch=true;,1
n`odo,1
operands,1
PROD,1
fluxsol,1
ENCONTRE,1
Free-CFD,1
fbc=0;fbc<face_matched_bcs.size();++fbc),1
quedan,1
Copy,1
A:,1
PRODUCT,1
\NumberOfComponents=\"\3\"\\,1
2x,1
this->eqn.push_back(eqq);,1
Resto,1
\nada,\,1
Von,1
nasfile->Iniciar(archivo);,1
Zone,1
slave,1
formaba,1
MOFDIFICAN,1
(same,1
\cad+="\\n"\;\,1
fixedgradient,1
\(cells),\,1
\malla.Log("\Log.txt"\);\,1
c=0;c<num_cells_int;c++),1
COLOCALIZADA,1
T.Boundaryfield().PatchField(0).AssignValue(Scalar(1.));,1
eqnsys.Eqn(cell[0]).Ap(-1.);,1
\OutputFile("\CellField-2.vtu"\,T);\,1
faces=,1
\"\TensorI.h"\\,1
Rewrite,1
of.WriteFooter();,1
tempv[i]<<,1
[Row],1
utils,1
nbreq),1
Elementos[i].Asignar_Conect_Interna(v);,1
Datos,1
real_XX_array,1
VARIABLE_H_INCLUDED,1
Grupo,1
\//ierr=MatGetValues(this->A,1,&adof,1,&dof,y);\,1
\CREARSE,\,1
//this->Boundaryfield()=field->BoundaryField,1
SistEcuac,1
corchete,1
agrupar,1
<<p<<endl;,1
its;,1
\if(section("\grid"\,0).get_string("\material"\).is_found)\,1
\off,\,1
\section("\timemarching"\).registerSubsection("\ramp"\,single,optional);\,1
tomar,1
\fvs_PatchField,\,1
//int,1
\if(strncmp(lineas[j],cadena,4))\,1
bound(vpatch);,1
tempNodes[nn]<<endl;,1
\"\number\,1
(bidim_model),1
Namespace,1
\ret.Val(f,\,1
operadores,1
p=0;,1
asociada,1
');,1
generada,1
pid,1
\Face"\\,1
iface,1
inside,1
Recorrida,1
EqnSystem<T>,1
material_input[gid].setFile(fileName);,1
this->AddBoundary(bound);,1
tempFace;,1
libre,1
temp.push_back(idf);,1
if(face_matched_bcs[fbc]!=cell_matched_bc),1
this->value[c]=val;,1
//Modelo,1
(C++,1
Inicializo,1
definen,1
(!enc),1
PatchField,1
preconditioning,1
std::ostringstream,1
//Found,1
\section("\grid"\,0).subsection("\navierstokes"\).register_string("\jacobianorder"\,optional,"\first"\);\,1
&operator=,1
//Falta,1
readerror=true;,1
this->eqn[e].X(xcorr);,1
\"\Vertex\,1
Componentes,1
n=0;n<face[f].nodes.size();++n),1
By,1
//Like,1
(it,1
(neigh2>=0,1
\finitos,\,1
\Q_SetEntry(Matrix,RoC,Entry,Pos,Val)\,1
inicie,1
cell[c].faces.push_back(tempFace.id);,1
\"\<<fi<<endl;\,1
\ierr=VecSetValues(this->b,1,&dof,&u,INSERT_VALUES);\,1
col[0]<<endl;,1
rindex=1;,1
oriented,1
unknown,1
(ptr_->okToDelete()),1
\"\14"\\,1
WALLS,1
\"\Adjdof\,1
CANTIDAD,1
DIRECTLY,1
iniciadas,1
\//Hexa,\,1
j<out[0].size();,1
Grid::create_faces,1
bcell=0;,1
funciona:,1
\"\<<list[i]<<endl;\,1
//malla.ReadCGNS();,1
Boundary(std::vector<Patch>,1
xcorr;,1
Start,1
idf=0;idf<this->Num_Faces();idf++),1
<<cellit->Num_Faces()<<endl;,1
dofhandler);,1
nc=0;nc<node[tempNodes[0]].cells.size();++nc),1
\estándar,\,1
PLACE,1
ON,1
reuse,1
SQUARE,1
\section("\grid"\,0).subsection("\material"\).register_double("\viscosity"\,optional,0.);\,1
<<col[dim]<<endl;,1
\Q_SetEntry(&K,row+dim+1,numberofcomp*width_cells+dim,columnid+dim+1,col[0]);\,1
!degenerate),1
\CDEqn=(FvImp::Laplacian(kdiff,T)==FvImp::Div(phi,U));\,1
\(varList[ov]=="\p"\)\,1
assigned,1
bpnode[0][node]<<endl;,1
\PETSC_Solver<number,dim>::AddbValues(const\,1
match;,1
\//eqn=VolField.ToFaces(cid,flux);\,1
convierte,1
Test();,1
ptr_->okToDelete()),1
\material_input[gid].register_double("\Cp"\,optional,1000.);\,1
\rows"\\,1
Sum_triangles(,1
ns[gid].limiter[4].node(n),1
timeEnd;,1
<<cellglobalfaces[c][nf]<<,1
skip=true;,1
\"\;}\,1
ns[gid].V.node(n)[i],1
&cols),1
phi.Boundaryfield().ApplyBC();,1
avoid,1
Which,1
\B,PetscInt\,1
siguen,1
nf=0;,1
\section("\grid"\,0).subsection("\material"\).register_double("\thermalconductivity"\,optional,0.);\,1
pant(mesh);,1
comp[3]=right[2];,1
PLAIN,1
habiendo,1
\{0,3,2},\,1
Math,1
hence,1
dc=0;,1
numera,1
0.0<<endl;,1
ultima,1
\row+dim+1<<"\\,1
std::vector<std::list,1
DEVUELVO,1
\Logvecf(num_cells_xyz,flog);\,1
EXPLICITAS,1
TIPE,1
KSPSetFromOptions();,1
Elemento_sS,1
//IF,1
normales,1
(unique,1
\Pressure"\\,1
\"\../SistEcuac/SistEcuac.h"\\,1
\verts..."\<<endl;\,1
\MatSetOption(A,MAT_SYMMETRIC,PETSC_TRUE);\,1
repitio,1
{cout,1
\FatalErrorIn("\FluxSol::tmp<T>::tmp(const\,1
v[1]=n;,1
std::setprecision(6),1
Flags,1
Case:,1
pcellid=face.Cell(0);,1
directorio,1
just,1
grid[gid].nodeCount,1
SIEMPRE,1
rows),1
setean,1
\control,\,1
(*nasfile);},1
face[nf].Cell[1]=num_cells_int+dc;,1
this->Face(cellit->Id_Face(0)).Null_Flux_Face(true);,1
//Genero,1
screen,1
\"\<<argc<<"\,\,1
!GridPtr->Face(f).Is_Null_Flux_Face()),1
this->U;},1
TIPOS,1
vx,1
\section("\grid"\,0).subsection("\writeoutput"\).register_Vec3D("\momentcenter"\,optional,0.);\,1
_Cell::Imprimir_Conect(),1
temprval;,1
ALINEADAS,1
\section("\grid"\,0).subsection("\navierstokes"\).register_double("\limiterthreshold"\,optional,1.);\,1
ddeducirse,1
es?,1
Using,1
creacion,1
~EqnSystem(){,1
Explicit,1
verified,1
compilacion,1
//Una,1
aca?,1
<Scalar>interp(mesh);,1
truss,1
columns,1
&field):_Field<T>(field.Numberofvals()){this->GridPtr=&field.Grid();},1
bit:,1
\entrante,\,1
CDS,1
Vec3D::operator&,1
\"\Elem\,1
cara),1
BC's,1
saves,1
zoneCoordMap[zoneIndex-1][elemNodes[connIndex+n]-1]<<endl;,1
SEPARATELY,1
Parado,1
\%D\n"\,\,1
centrales,1
\<<"\neigh\,1
InputBaseContainer,1
_Cell,1
incluyo,1
\default,\,1
Antes,1
//Recorro,1
modelos,1
2d,1
gira,1
fid<this->Numberofvals();,1
(vertices,1
(PN-PP)/d,1
rans[gid].mu_t.node(n),1
importa,1
scratch,1
\"\TempNodes"\<<endl;\,1
+1,1
COMPLETE,1
neither,1
\"\Solution:\,1
GridIdSurFaceVal(const,1
num_cells=num_cells_d+num_cells_int;,1
CADENAS,1
FvImp::Div(_CC_Fv_Field,1
explicitamente,1
solutions,1
INLINE,1
n=0;n<numnodos;n++),1
Fluido,1
what's,1
preconditioner,1
LONG,1
Construyo,1
\grid"\;\,1
\OutputFile("\CellField-Uz.vtu"\,U,2);\,1
v=0;v<4;v++),1
VolField.Val(face.Cell(0)).Val();,1
P-L,1
nueva,1
nump++;,1
\material_input[gid].read("\equationofstate"\);\,1
vacío,1
Cell_CC,1
//source=VolField.Boundaryfield()._PatchField(p).Val(f)*fi;,1
real_1d_array,1
spring,1
ids[],1
after,1
slaves,1
MatSetUp(),1
\//Id_Face(nfenc2,Face\,1
MAtrIX;,1
hereda,1
2y,1
underlying,1
Tis,1
repeated_node_cells.insert(c);,1
genero,1
\"\10"\\,1
Todos,1
four,1
\PETSC_Solver<number,dim>::B()\,1
coordenado,1
PRIMER,1
//Ojo,1
\PETSC_Solver<number,dim>::Solve()\,1
offset+=grid[gid].cell[c].nodeCount;,1
sets,1
I'd,1
_BOUNDARYCOND_H,1
//Busco,1
EqnV().size(),1
(i!=c,1
\enc=FindAllVals(this->Face(idf).Vert(),\,1
nnz,1
miembro,1
Pueden,1
(v[vi]==i),1
r=v1.x();,1
nbc=0;nbc<raw.bocoNameMap.size();++nbc),1
VolField.GridPtr->Cell(cid).Num_Faces();,1
\borde,\,1
globalfaceid<<endl;,1
rans[gid].gradk.node(n)[i],1
sight,1
Ccopy,1
Results,1
this->idgrid_domain.push_back(f);,1
\index"\\,1
bcfaces.push_back(),1
Presiones,1
<rtol>,1
finding,1
tenia,1
VECINOS,1
DEBE,1
(ve).cross((verts[v],1
\afuera,\,1
PETSC_Solver(const,1
TODO,1
\Scalars=\"\scalars\"\\,1
inlines,1
//Adapted,1
how,1
\material_input[gid].read("\viscosity"\);\,1
PERO,1
\"\<<it+1<<\,1
lvalue,1
\section("\grid"\,0).subsection("\turbulence"\).register_double("\omegalowlimit"\,optional,1.);\,1
\"\width_cells:\,1
cosas,1
\here,\,1
\"\nvenc\,1
2nd,1
modificar,1
degenerate=false;,1
inputFileName=argv[1];,1
COMMON,1
~GeomField(){};,1
::iterator,1
solamente,1
\Nastran,\,1
Begins,1
<<numberofcomp*width_cells+dim<<endl;,1
GridPtr->Num_Cells()<<endl;,1
nleft++),1
(grid[gid].Cell(c).Num_Vertex()==6),1
\cell(this->Elementos[e].VerId(),this->Elementos[e].Conect());\,1
divide,1
Che,1
ret.source.outstr()<<endl;,1
users,1
STRING,1
superficies,1
(VolField.Boundaryfield().PatchField(p).Type()==FIXEDGRADIENT),1
CenterToFaceInterpolation<T>::CenterToFaceInterpolation<T>(const,1
//Ahora,1
if(FluxField.Val(f)>0.),1
iteraciones,1
of:,1
recorrer,1
well,1
\"\<<nf2<<endl;\,1
importat,1
Escribo,1
\nodes"\\,1
paralelos,1
INDICE,1
Sistema,1
Pasa,1
nfi++;nf++;,1
coincidence,1
FluxField(mesh);,1
getline(,1
tensors,1
nc,1
(i>c),1
\OutputFile("\CellField-U.vtu"\,U);\,1
DOBLE,1
<<neigh<<endl;,1
tipica,1
ENTRE,1
\material_input[gid].section("\Cp"\).register_string("\model"\,optional,"\shomate"\);\,1
cell[(*sit)].nodeCount=6;,1
cf=0;cf<cell[c].Num_Faces();++cf),1
DIVErGENCe,1
cofactor,1
ret(this->Numberofvals());,1
Vec3D(const,1
\"\./Nastran/Varios.h"\\,1
\"\true"\<<endl;\,1
NORMAL,1
\material_input[gid].section("\viscosity"\).register_double("\sutherlandtemperature"\,optional,110.4);\,1
file;,1
variara,1
\PETSC_Solver<number,dim>::X()\,1
\"\<<cvalue<<endl;\,1
eqn;//El,1
\norm,its);CHKERRQ(ierr);\,1
\"\<<eq.Eqn(e).X().outstr()<<endl;\,1
\"\\t"\;\,1
(grid[gid].Cell(c).Num_Vertex()==5),1
actualizo,1
problemas,1
\Vertice,\,1
i=0;i<num_vertex;i++){,1
bpnode[bp]);,1
FluxField(VolField.Numberofvals());,1
CEDAS,1
right.Numberofvals();,1
FVPATCHFIELD;,1
\val"\<<bf.PatchField(pa).ConstValue().outstr()<<endl;\,1
push_back,1
\nodes,\,1
e=0;e<NasFile().;e++),1
miembros//,1
neccesarily,1
idxm[0]=adof;idxn[0]=dof;,1
Pointer,1
<<e_pn.outstr()<<endl;,1
setw(16),1
Imported,1
presicion,1
\TEqn=(FvImp::Laplacian(kdiff,T)==0.);\,1
s=0;,1
//Originally,1
//InputFile,1
Converts,1
override,1
nn=0;nn<tempNodes2.size();nn++)cout,1
cellit2;,1
_CC_Fv_Field<T>::ToFaces(const,1
sola,1
debio,1
\ierr=MatSetValues(this->A,1,&row,1,&col,&value,INSERT_VALUES);\,1
&vecs);,1
O(n),1
estan,1
\defino,\,1
grid[gid].node[n].comp[i],1
verts,1
\(cellFace((*sit),cf).nodes[fn]==repeated_nodes[1])\,1
ID's,1
facil,1
T.Boundaryfield().PatchField(p).AssignValue(wallvalue);,1
\U=Vec3D(1.0,0.,1.0);\,1
\"\</UnstructuredGrid>"\\,1
\&ec,\,1
\coordenadas,\,1
externo,1
Vector:,1
KSPSetFromOptions(),1
NOTACION,1
Outer-product,1
MatXXXSetPreallocation(),1
manual,1
repeated_nodes;,1
\section("\grid"\,0).subsection("\turbulence"\).register_string("\model"\,optional,"\sst"\);\,1
provides,1
alglib_impl;,1
ns[gid].material.therm_cond(ns[gid].T.node(n)),1
\"\<<col[0]<<endl;\,1
DIVERGENCIA,1
cuantas,1
factor,1
otros,1
scheme,1
(cell_matched_bc==-1),1
crean,1
if(!enc_elem),1
cid++;,1
\"\INTERPOLATING"\<<endl;\,1
file<<,1
work,1
\input.in"\<<endl;\,1
\eg,\,1
Open,1
//Discrimino,1
\rect,\,1
ninguna,1
cell[c].faceCount,1
nfaces,1
c++,1
PRODUCTO,1
<->,1
perteneces,1
matrix-free,1
\(-min[mf,0])\,1
treatment,1
bface=phi.Grid().Face(idface);,1
>bpfaces;,1
U.Boundaryfield().PatchField(i).ConstValue()<<endl;,1
Asummed,1
\(this->A,MAT_FLUSH_ASSEMBLY);\,1
(ri-1,1
\(varList[ov]=="\gradv"\)\,1
haya,1
\antes,\,1
defines,1
AUMENTA,1
face=phi.ConstGrid().Face(f);,1
consigo,1
\OutputFile("\CellField-Uy.vtu"\,U,1);\,1
dir,1
'if,1
internas,1
Patch::Patch(T,1
Sc,1
cf=0;cf<cell[(*sit)].faceCount;++cf),1
time-consuming,1
QUIT,1
\this->SetbValues(dof,0.);\,1
Convierto,1
ASI,1
(&v)[S]),1
(tempNodes[fn]==tempNodes[i]),1
Flag,1
//{,1
\//Flux,\,1
molecula,1
\version=\"\1.0\"\?>"\\,1
k(1000.0);,1
rans[gid].omega.node(n),1
(cuya,1
Coloco,1
\sino,\,1
\SOLVER,\,1
\Val"\\,1
//Field,1
\CORRECTED,\,1
TRANQUILAMENTE,1
\"\tot\,1
llamada,1
this->raw.bc_elem_list.size(),1
//POINTER,1
SOLVER,1
declaracion,1
\Value"\<<val.outstr()<<endl;\,1
if(patchnum[p]==this->Elementos[e].VerPid()),1
volfield,1
Af:,1
(phi.Boundaryfield()._PatchField(p).Type()==FIXEDVALUE),1
\final,\,1
\"\<<idface<<endl;\,1
//Sf,1
degenerate=true;,1
Discards,1
bp==(this->raw.bc_elem_list.size()-1),1
improved,1
s++),1
\eqnsys.Eqn(cell[1]).An(neigh,1.);\,1
\of("\Fields.vtu"\,this->mesh);\,1
\components,\,1
cargo,1
máximo,1
\eq(c,ap,an,source,nbr_id);\,1
(*cellit2).face[i21]=nf;,1
VolField.GridPtr->Num_Cells();,1
\<<"\Row\,1
\p(pname,bpfaces[bp]);\,1
defaults,1
(tensor,1
square.cgns,1
scalar=true;,1
\VecView(b,PETSC_VIEWER_STDOUT_SELF);\,1
\clamps,\,1
VecDestroy(&u);CHKERRQ(ierr);,1
GridPtr;,1
\tensor,\,1
\section("\grid"\,0).subsection("\writeoutput"\).register_stringList("\variables"\,required);\,1
add,1
x()*x(),1
\"\R\,1
inserted:,1
this->Eqn(c).Source(val);,1
Ad:,1
width_cells,1
DISMINUYE,1
DIFUSSION,1
idface=phi.Grid().vBoundary().vPatch(p).Id_Face(f);,1
\FvImp::Laplacian(k,\,1
constructores,1
SIGNO,1
Addeed,1
\section("\grid"\,0).subsection("\navierstokes"\).register_string("\limiter"\,optional,"\vk"\);\,1
interp,1
tengan,1
number:,1
352,1
Inserting,1
\(varList[ov]=="\gradu"\)\,1
(such,1
There,1
ret(*this);,1
\section("\grid"\,0).subsection("\IC"\,0).register_Vec3D("\center"\,optional);\,1
\"\Hi.."\<<endl;\,1
fueron,1
originial,1
i=0;i<temp_boundfaces.size();i++)temp.push_back(temp_boundfaces[i]);,1
00056,1
prom.outstr()<<endl;,1
\types,\,1
T.Boundaryfield().PatchField(3).AssignValue(topvalue);,1
\size"\<<ret.an.size()<<endl;\,1
MAS,1
analysis,1
\timeRef,\,1
&Scalar::operator=,1
\"\creating\,1
face[nf].Cell_int[0]=c;,1
\"\<<f<<"\\,1
\"\Assigning\,1
aparezca,1
n),1
AREA,1
of.WriteField(vv);,1
ths,1
comments,1
Ensamble,1
\"\,\,1
referring,1
\SIGNIFICATIVOS,\,1
Note:,1
CreateNodesFromCellVerts();,1
\"\./Tmp/Tmp.h"\\,1
(rho,1
diferentes,1
METODOS,1
\"\assign\,1
Nodos.push_back(n);,1
explicitacion,1
ONLY,1
\MatView(this->A,PETSC_VIEWER_STDOUT_SELF);\,1
ACTUALLY,1
ortogonalidad,1
\vec(0,0,0);\,1
NasFile(){return,1
considered,1
&fi),1
if(an[nleft]==ret.neighbour_id[nr]),1
rigidez,1
Fill,1
CALLED,1
SEE,1
\material_input[gid].read("\Cp"\);\,1
obtained,1
actual,1
\"\<<p<<"\,\,1
((*cellit2).Id_Vert(i21)==v2)//Encontre,1
temp;,1
00052,1
//CASO,1
\section("\grid"\,0).subsection("\transform"\,0).register_double("\angle"\,optional,0.);\,1
\"\no\,1
SearchVal(const,1
face.push_back(tempFace);,1
componen,1
<<adof,1
this->Num_Eqn()<<,1
allocation,1
\section("\grid"\,0).subsection("\IC"\,0).register_Vec3D("\axisdirection"\,optional);\,1
\cellfaces.assign(numcellfaces[cellit->Num_Vertex()],false);\,1
&grid),1
At=Ad+At:Relaciona,1
Face[nf].BF=false;,1
fi_f),1
asocia,1
degenerate_face_count=0;,1
bueh,1
comp[0]=right[0];,1
facecells.size()<<endl;,1
substantial,1
//Previous,1
\context,\,1
vienen,1
nfi=0;,1
\arriba,\,1
vecina,1
elit,1
\match"\\,1
\faceNode(f,n).faces.push_back(f);\,1
\section("\grid"\,0).registerSubsection("\turbulence"\,single,optional);\,1
vtable,1
BOTH,1
00057,1
borde),1
Vertex<Vec3D>,1
were,1
(neigh>=0,1
(face_matched_bcs.size()==1),1
//vp.push_back(patch);,1
\"\Element\,1
pos.push_back(K.El[row+dim+1][width_cells].Pos);,1
vector<double>,1
//Si,1
\Q_SetEntry(&K,row+dim+1,numberofcomp*width_cells+dim,columnid+dim+1,0.0);\,1
n=0;n<FvGrid.Cell(c).Num_Neighbours();n++),1
Primer,1
pase,1
}//,1
Complete,1
incluyen,1
max,1
Rows,1
apunta,1
prevsol;,1
-ksp_rtol,1
\conviene,\,1
T.ToCellCenters(TEqn);,1
//void,1
(neigh>0),1
SURFACEFIELD,1
\"\col\,1
*GridPtr,1
FORMATO,1
(rows),1
vpatch;,1
THERE,1
Face:,1
\section("\grid"\,0).subsection("\transform"\,0).register_Vec3D("\end"\,optional,0.);\,1
DEFINIR,1
(grid[gid].Cell(c).Num_Vertex()==8),1
p<patchnum.size()),1
viene,1
CROSS,1
(cf<1),1
objetcs,1
\"\-------------------------------"\<<endl;\,1
cellfacefound.push_back(cellfaces);,1
guarantees,1
\"\Numvals"\<<this->value.size()<<endl;\,1
\{0,2,1,0},\,1
Creating,1
GeometricField,1
cell[c].faceCount-=degenerate_face_count;,1
&inputfile),1
_BoundaryField(const,1
2),1
\{1,2,5,4},\,1
linkea,1
triangular,1
patch(this->Elementos[e].VerPid());,1
width_cells=0;width_cells<eq.Eqn(e).Width();width_cells++),1
\MatSeqAIJSetPreallocation(this->A,cols,PETSC_NULL);\,1
\globales,\,1
\"\<<ap.Val()<<endl;\,1
OTROS,1
Estos,1
\"\Neighbours"\<<endl;\,1
\faces"\\,1
\idxm[],PetscInt\,1
actually,1
tuning,1
\values"\\,1
devuelvo,1
inc,1
arrojar,1
confusing,1
Escritura,1
colocarlo,1
1.0e-3);,1
REFERENCIA,1
\section("\grid"\,0).registerSubsection("\IC"\,numbered,required);\,1
CC_Fv_Field<T>,1
fif=fiN,1
neigh=phi.ConstGrid().Cell(cell[0]).SearchNeighbour(cell[1]);,1
//Cambiar,1
Value:,1
Change,1
facenodeCount=unique_nodes.size();,1
formato,1
\"\fi\,1
Cifras,1
they,1
skip=false;,1
zona,1
\nodes"\<<endl;\,1
numboundfaces++;,1
*A),1
ASUMO,1
l,1
<<right.an.size()<<endl;,1
f=fi,1
clase!!,1
caract,1
//Elvector,1
\U)-FvImp::Laplacian(k,U);\,1
SEAN,1
numberofcomp*width_cells<<endl;,1
note,1
\{0,3,5,2},\,1
face_matched_bcs;,1
\material_input[gid].register_double("\viscosity"\,optional,1.716e-5);\,1
//eqnsys.Eqn(face.Cell(0)).Ap()+=ap;,1
\U=Vec3D(0.0,0.,0.0);\,1
\<<"\arg\,1
attaining,1
dot-product,1
HOW,1
VecDestroy(&b);CHKERRQ(ierr);,1
\(varList[ov]=="\gradrho"\)\,1
<<e,1
ARCHIVOS,1
\vec.end(),\,1
CQUAD4,1
velocidades,1
\:SurfaceField<T>(numval,\,1
fourth,1
\{3,4,5,0},\,1
\PETSC_Solver<number,dim>::ClearMat()\,1
SEA,1
TIENE,1
//Read,1
STEP,1
cf,1
////Aca,1
ns[gid].gradu.node(n)[i],1
Fila,1
rigid,1
ext,1
stencils,1
\Tables1,\,1
preallocation,1
\fileName+="\.mat"\;\,1
\ReadFieldFromInput(input,T,mesh);\,1
sacar,1
\FatalErrorIn("\T&\,1
~_Field(){},1
Nodos[indn].Nodo_Cargar_Ubic(i);,1
(verts[v,1
\material_input[gid].section("\Cp"\).register_int("\numberofpieces"\,optional);\,1
\(varList[ov]=="\limiterp"\)\,1
\"\Vec_pn\,1
\section("\grid"\,0).subsection("\navierstokes"\).register_string("\order"\,optional,"\second"\);\,1
\starttime,endtime;\,1
\xy="\[[-2,0,1],[-1,0,0],[0,0,1],[+1,0,-1],[+2,0,1],[+3,0,2]]"\;\,1
inputfile,1
temp.clear();,1
s<connectivity[0].size();,1
ret(num_eqn);,1
DEBERIA,1
\ierr=VecSet(this->b,value);\,1
\std::find(vec.begin(),\,1
T&),1
\&i,const\,1
\dim"\<<endl;\,1
(raw.bocoNodes[nbc].find(tempNodes[i])==raw.bocoNodes[nbc].end()),1
<<neigh2<<endl;,1
Tiene,1
ningun,1
face),1
coeff,1
own,1
orthogonality,1
Through,1
enc),1
properties,1
rans[gid].gradomega.node(n)[i],1
verts[v,1
\section("\reference"\).register_double("\Mach"\,optional,1.);\,1
\section("\grid"\,0).subsection("\turbulence"\).register_double("\absolutetolerance"\,optional,1.e-12);\,1
CHECK;,1
raw->Cells,1
adjacent,1
\section("\grid"\,0).subsection("\transform"\,0).register_string("\function"\,optional);\,1
\"\ret\,1
\zero)"\<<endl;\,1
\(varList[ov]=="\rho"\)\,1
CFDModel(const,1
TYPE,1
vertfieldval[c],1
(i==1),1
repeated_node_cells.clear();,1
(es,1
offset=0;,1
\VALS"\<<endl;\,1
or:,1
flux;,1
Factores,1
(ve).cross((verts[v]-verts[0]));,1
\"\Faces\,1
optional;,1
timeEnd-timeRef,1
\"\<<T.Grid().Num_Faces()<<endl;\,1
degenerate_face_count++;,1
Hasta,1
interna,1
involucran,1
Reconstruccion,1
(possibly,1
file.close();,1
<int>tempv=*sit;,1
\read("\timemarching"\);\,1
\VecGetValues(x,1,ix,y);\,1
\(varList[ov]=="\gradk"\)\,1
v2=(*cellit).Id_Vert(i+1);,1
Puntero,1
(unique_nodes.size()==2),1
//podria,1
ns[gid].material.Cp(ns[gid].T.node(n)),1
sirva,1
i++;,1
esten,1
Sij,1
\"\destructing"\\,1
info;,1
//Central,1
SINGLE,1
\flux,\,1
pueden,1
\material_input[gid].section("\viscosity"\).register_string("\model"\,optional,"\sutherlands"\);\,1
EXTRAPOLATED,1
(equations[gid]==HEAT),1
find(),1
fc=0;fc<facecells[nf].size();fc++),1
(&v)[S]);,1
VertexField(const,1
COLOCO,1
vector<,1
MPI_Init(),1
\consider,\,1
ptr_,1
matval=y[0];,1
mymapit;,1
(cellit2=cell.begin();cellit2!=cell.end();cellit2++)//Recorrida,1
row),1
\KSPView(ksp,PETSC_VIEWER_STDOUT_WORLD);CHKERRQ(ierr);\,1
contexts,1
rindex=0;,1
||nump==0)//Si,1
Bidimensional,1
\&cols,\,1
//Applies,1
*malla);,1
//Elemento,1
\&dofhandler,\,1
eqnsys;,1
B,1
\registerSection("\reference"\,single,optional);\,1
GradScheme,1
\row,col;\,1
master,1
an);,1
PARALLEL,1
\this->SetbValues(dof,\,1
i=0;i<vecs.size();i++),1
initialization,1
vec);,1
paralell,1
CONVERT,1
:grid(Fv_CC_Grid(FvG)),1
(normalizado),1
\ESPACIO,\,1
Originales,1
\"\Defining\,1
Mesh(){return,1
\{4,5,6,7},\,1
non-const,1
//Tomo,1
\constructores,\,1
rbf,1
Acá,1
trhoug,1
found==true;,1
Nueva,1
\Name=\"\offsets\"\\,1
Note,1
\norm"\<<vec_pn.Norm().outstr()<<endl;\,1
GRID!,1
vf);,1
tempNodes2[nn]<<endl;,1
typeº,1
num_faces_ext=nfb;,1
cell_matched_bc=nbc;,1
ap=-face.Norm_ad()/fabs(face.Dist_pf_LR(0));,1
\(varList[ov]=="\omega"\)\,1
\(varList[ov]=="\resV"\)\,1
fval,1
\//eqnsys.Eqn(face.Cell(0)).Coeffs(ap,an);\,1
LAPLACIANO,1
ESPACIO,1
Associate,1
Columna,1
operator*,1
fn,1
llenando,1
belongs,1
grid[gid].cell[c].nodes[n],1
significativo,1
\DELETED,\,1
\"\TempNodes2"\<<endl;\,1
ASSUMES,1
u1v2,1
malla2.Read_CGNS();,1
f=0;f<VolField.Grid().vBoundary().vPatch(p).Num_Faces();f++),1
SISTEMAS,1
CAMBIAR,1
ns[gid].gradv.node(n)[i],1
\c2"\\,1
<<this->cell.size()<<endl;,1
vec;,1
endl;;,1
REPEATED,1
\)().fvmDiv(flux,\,1
\section("\timemarching"\).register_string("\integrator"\,optional,"\backwardEuler"\);\,1
Recorrido,1
ada,1
Deriva,1
271,1
\{0,4,7,3},\,1
i<out.size();,1
errno;,1
chunk,1
(sit=repeated_node_cells.begin();sit!=repeated_node_cells.end();sit++),1
rindex=-1;,1
estar,1
\ix[],const\,1
\section("\grid"\,0).subsection("\IC"\,0).register_double("\height"\,optional);\,1
\cell[i].HaveNodes(tempFace.nodeCount,tempNodes))\,1
*(const,1
INICIO,1
\section("\grid"\,0).register_string("\material"\,optional,"\none"\);\,1
i=0;i<numelem;i++),1
Usage,1
this->value[e]=eqnsys.Eqn(e).X();,1
constants,1
Depending,1
\"\<<elem<<endl;\,1
FEATURE;,1
\rbfsetalgomultilayer(model,\,1
Compare,1
\this->Cell(facecells[0]).Id_Face(nf,nf);\,1
dep}e,1
At,1
EXPLICITO,1
nbr_eqn=nbreq;,1
init_patches();,1
/////////////////////,1
2D),1
variante,1
match,1
logs,1
e<<endl;,1
if(this->),1
\Node"\\,1
numberofcomp<<endl;,1
\vertex,\,1
CARACTERISTICAS,1
this:,1
i=0;i<tempv.size();i++),1
parametro,1
valores,1
están,1
mymap[tempNodes]=globalfaceid;,1
\saliente,\,1
CONSIDER,1
_FILESEARCH_H_,1
Assignment,1
Perhaps,1
c=0;c<grid[gid].Num_Cells();++c),1
currpatch;,1
sigue,1
\material_input[gid].section("\thermalconductivity"\).register_string("\model"\,optional,"\constantPrandtl"\);\,1
n){ap=p;an=n;x=0.;source=0.;};,1
\"\<<r.Numberofvals()<<endl;\,1
this->numberofvals;,1
checked,1
//this,1
//INHERITS,1
\Destructor,\,1
TOMA,1
\Solver<number,dim>(d)\,1
sense,1
\position,\,1
(i==2),1
FvGrid.Cell(c).Num_Neighbours()<<endl;,1
puedan,1
of.,1
rodean,1
grad);,1
calculado,1
\<<"\right\,1
neighboring,1
//Interpolate,1
R.Cmp[e*numberofcomp+dim+1]<<,1
\"\dir\,1
boconodes,1
component,1
row+dim<<endl;,1
\Ex3"\<<endl;\,1
-ksp_type,1
\cellNode(c,tetraFaces[cf][fn]).id\,1
Convert2FvGrid();,1
stokes,1
\"\]\,1
e-00,1
SPARSE,1
\material_input[gid].registerSection("\equationofstate"\,single,optional);\,1
tabla,1
\idxn[],PetscScalar\,1
COMPILADOR,1
collineal,1
//Looking,1
p=0;p<VolField.Grid().vBoundary().Num_Patches();p++),1
eso,1
asumiendo,1
Add,1
SEZAI,1
\inputFileName="\Input.in"\;\,1
ptr_->operator--();,1
Named,1
DEBUG,1
cid<numcells;,1
1)tengo,1
bcell++;,1
\val"\<<val.outstr()<<endl;\,1
clean,1
\(varList[ov]=="\Cp"\)\,1
verts[0];,1
\"\nf1\,1
whole,1
\material_input[gid].register_double("\molar\,1
list=get_intLists,1
&d):,1
\section("\grid"\,0).subsection("\transform"\,0).register_Vec3D("\factor"\,optional,0.);\,1
=false;,1
\"\prom"\\,1
\"\Returning..."\<<endl;\,1
\section("\grid"\,0).subsection("\IC"\,0).register_double("\p"\,optional);\,1
\faces"\<<nfi<<endl;\,1
<VolField.ConstGrid().Cell(cell[0]).Num_Neighbours()*/),1
\"\Vec_pn"\\,1
\Value"\\,1
ns[gid].update[0].node(n),1
DEPENDEN,1
initial,1
\(tempNodes,globalfaceid)\,1
\dimension,\,1
\section("\grid"\,0).subsection("\navierstokes"\).register_int("\maximumiterations"\,optional,10);\,1
heredan,1
temporal,1
v2,1
FORMER,1
TRUSS,1
\"\<UnstructuredGrid>"\\,1
cell2,1
conviene,1
temp=new,1
\MatAssemblyBegin(this->A,MAT_FLUSH_ASSEMBLY);\,1
\BASE,\,1
COULD,1
comparta,1
\"\Cells:\,1
complemento,1
grupos,1
n=0;n<grid[gid].Num_Verts();++n),1
Face[nf].Cell[1]=c2;,1
EXACTLY,1
character,1
Siempre,1
\ap,source;\,1
this->face[f].Af().VecNorm());,1
T;,1
cn2=0;cn2<cn;++cn2),1
\tipo=Leer_Hasta_Caracter(cad,\,1
\section("\grid"\,0).subsection("\IC"\,0).register_double("\rho"\,optional);\,1
negative,1
doubleIter->second.value,1
iface++),1
coeficiente,1
(isTmp_,1
\{0,4,3,0}\,1
\"\13"\\,1
CASO,1
r=-1;,1
&field){},1
Typename,1
\(varList[ov]=="\resT"\)\,1
\"\Flux\,1
\"\Now\,1
\type=\"\UInt8\"\\,1
terminan,1
cell[c].nodeCount,1
CDEqn.Eqn(e).X().Val()<<endl;,1
mesh=fvmodel->mesh;,1
GeomSurfaceField(const,1
}//Cell,1
\PETSC_Solver<number,dim>::AddMatVal(const\,1
(VolField.Boundaryfield().PatchField(p).Type()==FIXEDVALUE),1
\section("\grid"\,0).subsection("\turbulence"\).register_double("\klowlimit"\,optional,1.e-8);\,1
flush;,1
0.);,1
relative,1
exiting,1
everytime,1
sino,1
\section("\grid"\,0).subsection("\IC"\,0).register_Vec3D("\corner_1"\,optional,-1.e20);\,1
MPI,1
CHECK,1
offset,1
norm;,1
\"\<?xml\,1
searching,1
\section("\grid"\,0).registerSubsection("\writeoutput"\,single,required);\,1
Diffusivity,1
malla2;,1
\mymap.insert(std::pair<vector<int>,int>\,1
afuera,1
iv=0;iv<vboundcell[bcell].Num_Vertex();iv++),1
grid[gid].cellCount,1
DONDE?,1
(cell[(*sit)].nodeCount==8,1
\"\<Points>"\\,1
\Patches"\\,1
\itself,\,1
r=vi;,1
patches;,1
coef(0.);,1
\nbr_id.assign(FvGrid.Cell(c).Num_Neighbours(),0);\,1
\<<"\Solver\,1
View,1
v[0]=n;,1
(var_is_vec3d[ov]),1
intface<<endl;,1
cambia,1
//patchnum.push_back(this->Elementos[e].VerPid());,1
\material_input[gid].section("\equationofstate"\).register_string("\model"\,optional,"\idealgas"\);\,1
<_Ecuacion<T>>,1
Face[nf].Cell_ext[0]=num_cells_int+dc;,1
\<<"\left\,1
KSPDestroy(&ksp);CHKERRQ(ierr);,1
OTRAS,1
MUCHO!!!!;,1
Flujo,1
laplacianos,1
MAIN,1
idxm[1];,1
recommend,1
crashes,1
Importante,1
Density,1
\refs,\,1
Extract,1
iface<GridPtr->Cell(icell).Num_Faces();,1
k(0.1);,1
i=0;i<3;++i),1
much,1
\"\<VTKFile\,1
TO?,1
\material_input[gid].register_double("\density"\,optional,0.);\,1
(sortfacemapit!=sortfacemap.end()),1
\bval,matval;\,1
centro,1
unsigned>::type,1
acepte,1
CGNS,1
Mises,1
Under,1
Updating,1
cell[(*sit)].nodes.clear();,1
ID,1
PROPIEDAD,1
enum,1
alternatively,1
timeRef=MPI_Wtime();,1
\5.0,\,1
\PETSC_Solver<number,dim>::B(const\,1
eqnsystem,1
<<vec_pf_LR[idnode[0]].outstr()<<endl;,1
00053,1
3D,1
mejor,1
TEMPLATIZE!!!!,1
\assign"\\,1
cannot,1
grande,1
eqnsys.Eqn(bface.Cell(0)).Source()-=phi.Boundaryfield()._PatchField(p).Val(f)*FluxField.Val(idface);,1
\"\Setting\,1
\{0,2,1},\,1
dc++;,1
Transporte,1
esa,1
-ksp_monitor,1
\Fields"\<<endl;\,1
\n,PetscInt\,1
mixed,1
\(varList[ov]=="\Mach"\)\,1
\duplicated,\,1
3rd,1
fn;,1
friccion,1
allocated,1
\"\Sparse\,1
INHERITS,1
EQNS,1
Parametros,1
lines,1
rhs,1
\sort,\,1
cell[c].Cell[f]=face[Cell[c].Face[f-1]].Cell[1];,1
//Imprime,1
hc[gid].gradT.node(n)[i],1
presiones,1
bp=0;bp<this->raw.bc_elem_list.size();bp++),1
\//ret.Val(c,val);\,1
derive,1
pyraFaces[5][4]=,1
cons,1
\bs,PetscInt\,1
muchas,1
&vals),1
pagina,1
\"\TEMP"\<<endl;\,1
(always,1
nbr_id[n]=FvGrid.Cell(c).Neighbour(n);,1
\epn"\\,1
\"\Width:\,1
Simplest,1
\m,const\,1
\FluxSol,\,1
//Contribution,1
(especificacion),1
\material_input[gid].register_double("\gamma"\,optional,1.4);\,1
\mesh.Log("\Log.txt"\);\,1
sit;,1
\Log,\,1
vectores,1
//Node,1
(scalar),1
certain,1
i<3;,1
\"\error.H"\\,1
Element,1
idface=VolField.Grid().vBoundary().vPatch(p).Id_Face(f);,1
style),1
(fn==1),1
State,1
xy[f][3+1],1
declaro,1
\(cellFace((*sit),cf).nodeCount==3)\,1
c=0;c<this->Num_Cells();++c),1
\"\<<ret[c].outstr()<<endl;\,1
for(cellit=cell.begin();cellit!=cell.end();cellit++),1
note:,1
algoritmo,1
\"\mat"\\,1
\time,\,1
j=0;,1
i=0;i<fn;++i),1
points,1
nn=0;nn<tempNodes.size();nn++)cout,1
Diriclet,1
setprecision(8),1
this->Face(cellit->Id_Face(1)).Null_Flux_Face(true);,1
nf=0;nf<numcellfaces[cellit->Num_Vertex()];nf++),1
\Style,\,1
inversa,1
-log_summary),1
modnas.Convert2FvGrid();,1
_after_,1
RECTANGULARES,1
(temp.size()==totalboundfaces),1
regular,1
wf=0;wf<6;wf++),1
buscarle,1
tempFace.neighbor=i;,1
\&u,\,1
i.e,1
Asociacion,1
ORDEN,1
//ierr=MatGetValues(Mat,1
\section("\grid"\,0).subsection("\material"\).register_double("\density"\,optional,0.);\,1
PUEDE,1
Searches,1
tensor),1
\PetscPrintf(PETSC_COMM_WORLD,"\Norm\,1
\&v1,\,1
\1)"\\,1
\c,\,1
this->p=inputfile.UField();,1
&val);,1
asociadas,1
u3][v1,1
\Inserted,\,1
Dimensionality,1
\Laplacian,\,1
tipe,1
CREO,1
x),1
convertirlo,1
Uno,1
Po,1
\MATRIX,\,1
unique_nodes;,1
Access,1
Object,1
Dereference,1
HECHO,1
degenerate,1
//Ecuacion,1
U.AssignPatchFieldTypes(FIXEDVALUE);,1
MODEL,1
v2=(*cellit).Id_Vert(0);,1
Caras,1
nuevas,1
anterior,1
\section("\grid"\,0).subsection("\navierstokes"\).register_double("\relativetolerance"\,optional,1.e-6);\,1
\elemento,\,1
mal,1
processed,1
UNIDIMENSIONAL,1
summary,1
so,1
<_Cell>::iterator,1
i=0;i<),1
FluxSol::Eqn,1
\escalar,\,1
Write_vtk();,1
\operator,\,1
gid=0;gid<material_input.size();++gid),1
UNARIO,1
\norm"\\,1
FUNCTION!?!!?!,1
\(NumVecElemFound(tempNodes,cellit2->Conect())==tempNodes.size())\,1
//bval=this->SysMat,1
Devolucion,1
\FatalErrorIn("\FluxSol::tmp<T>::ptr()\,1
argumento?,1
f=0;f<phi.Grid().vBoundary().vPatch(p).Num_Faces();f++),1
\"\[E]\,1
Caract,1
&field;,1
cn=0;cn<cell[(*sit)].nodeCount;++cn),1
SEQUENTIAL,1
\this->Elementos[e].Tipo()=="\CQUADR"\\,1
VecDestroy(&x);CHKERRQ(ierr);,1
of.WriteGrid();,1
vf.mesh().divScheme(name),1
\Number"\\,1
if(FluxField.Val(f).Norm()>0.),1
partition,1
esferico,1
\section("\reference"\).register_double("\T"\,optional,0.);\,1
\"\\"\>"\\,1
\section("\timemarching"\).subsection("\ramp"\).register_double("\initial"\,optional,1.);\,1
\%A,\,1
SINTESIS,1
flag,1
varies,1
antesl,1
bueno,1
cross,1
v[c]=left[c]/right.Val();,1
Ejemplo,1
nf2,1
mapping,1
conect=Elementos[i].Conect();,1
trace,1
\"\<<width<<endl;\,1
_CC_Fv_Field<T>::ToCellCenters(EqnSystem,1
CELDAS,1
Asocia,1
Equal,1
ns[gid].gradw.node(n)[i],1
\section("\grid"\,0).subsection("\writeoutput"\).register_string("\format"\,optional,"\vtk"\);\,1
\//eqnsys.Eqn(cell[0]).An(neigh,coeff_an);\,1
this->neighbour_id.push_back(ids[nid]);,1
\f(FaceId,\,1
for),1
\"\<<matval<<endl;\,1
OpenFOAM,1
repeated_nodes.push_back(cell[(*sit)].nodes[cn]);,1
\(cellFace((*sit),cf).nodes[fn]==repeated_nodes[0])\,1
tempNodes;,1
vec3D,1
VISUALIZACION,1
existente,1
Todo,1
PetscReal,1
r<connectivity.size();,1
-(const,1
E,1
\eqn..."\<<endl;\,1
c=0;c<this->Numberofvals();c++),1
(raw.bocoNodes[nbc].find(cell[c].nodes[i])==raw.bocoNodes[nbc].end()),1
meshlog.open(nombre.c_str());,1
out[i][j],1
<>,1
coordenada,1
PAG,1
xcorr=this->eqn[e].X()+(1.-this->alpha)*this->prevsol[e]/this->alpha;,1
trabajo,1
entonces,1
datos,1
\Symmetric,\,1
tempFace.nodes.push_back(tempNodes[fn]);,1
\object"\\,1
\("\list"\);\,1
\{1,2,3},\,1
\"\</PointData>"\\,1
modulo,1
OBJECT,1
domain,1
<<this->field.GridPtr->Num_Faces()<<endl;,1
BEFORE,1
\Found"\\,1
\"\_z"\;\,1
\"\Initial\,1
neigh2=phi.ConstGrid().Cell(cell[1]).SearchNeighbour(cell[0]);,1
\mymapit->second[v]<<"\\,1
BoundaryFace,1
Simply,1
&U()const{return,1
RESPECTO,1
z()*z();,1
OPTION,1
RESOLVER!!,1
Argunentos,1
tempFace.id=faceCount;,1
VAL,1
FUNCTIONS,1
Fluencia,1
Tienen,1
s=muxpregarga,1
\facecells[nf][fc]<<"\\,1
unique=false;,1
ahora,1
10,1
MUY,1
\MatCreateSeqBAIJ(PETSC_COMM_WORLD,PetscInt\,1
\r.Val(f,\,1
p=0;p<phi.Grid().vBoundary().Num_Patches();p++),1
GENERICA,1
Varios,1
this->id_face.push_back(facelist[i]);,1
\"\Cells\,1
\(varList[ov]=="\limiterT"\)\,1
derivan,1
encontrando,1
\face"\\,1
fv::convectionScheme<Type>::New,1
Recordando,1
(cellit=VolField.GridPtr->BeginCell();cellit!=VolField.GridPtr->EndCell();cellit++),1
this=&field;,1
important,1
definido,1
soon,1
coeficientes,1
lento,1
\"\[I\,1
objects,1
works,1
\PETSC_Solver<number,dim>::SetMatVal(const\,1
Rango,1
fp=Pf/Norm(PN)=Pf.ePN/(PN.PN)^0.5,1
\field"\<<endl\,1
length:,1
tempFace.bc=UNASSIGNED_FACE;,1
Acatengo,1
say,1
\vacio,\,1
ONCE,1
KSPSolve(),1
&FvGrid=this->field.Grid();,1
columna,1
VolField.GridPtr->Sf(),1
(unique_nodes.size()!=facenodeCount),1
\section("\grid"\,0).subsection("\turbulence"\).register_string("\order"\,optional,"\second"\);\,1
\enable_if<is_base_and_derived<BaseClass,\,1
(fn==2),1
conviene??,1
acceder,1
deberia,1
bigger,1
\"\Commonvert\,1
\U=Vec3D(0.01,0.01,0.);\,1
InputBaseContainer::readEntries,1
\vf.mesh(),\,1
//Cargo,1
totrows<<endl;,1
Vec3D&,1
\"\k\,1
//DEFINIDA,1
=VolField.Boundaryfield().PatchField(p).Val(f);,1
material_input[gid].readEntries();,1
cell[0]=face.Cell(0);,1
reinterpolated,1
EACH,1
\NOT,\,1
DIGITOS,1
\(U.n),U\,1
Append,1
comando,1
customization,1
\"\[Matrix]\,1
implique,1
vv[cellit->Vert(1)],1
//////////////////////////////////////////////////////////////////////////,1
Saco,1
centrada,1
face.Cell(0),1
\Modified,\,1
an[iface],1
dereference,1
\caracter,\,1
New,1
\ierr=VecSetValues(this->b,1,&row,&value,ADD_VALUES);\,1
vertfieldval,1
\<<"\List\,1
(face[Cell[c].face[f-1]].Cell[0]==c),1
\important,\,1
Generation,1
<<nid<<endl;,1
\"\boundary\,1
//vector<int>,1
\value,\,1
POR,1
relacion,1
FIRST;,1
back,1
\typpe,\,1
\Values..."\<<endl;\,1
\ordered,\,1
v=[u1,1
contabilizada,1
\section("\grid"\,0).subsection("\IC"\,0).register_double("\T"\,optional);\,1
Ambos,1
\SINTAX,\,1
1st,1
\section("\grid"\,0).subsection("\material"\).register_double("\gamma"\,optional,1.4);\,1
//Para,1
\"\pid\,1
MATRIZ,1
xy[f][3+0]<<,1
definition,1
\"\<Piece\,1
(face_matched_bcs.size()>1),1
\section("\grid"\,0).subsection("\IC"\,0).register_Vec3D("\V"\,optional);\,1
SnGradf,1
LOGS,1
#define,1
discretizacion,1
this->value.push_back(val);,1
constructed,1
badpatch=false;,1
//Insert,1
\BECAUSE,\,1
(2),1
\"\Interpolate\,1
listi.size()<<std::endl;,1
aumentado,1
nid=0;nid<ids.size();nid++),1
CenterToInterpolation,1
handled,1
ACCOUNTING,1
counting,1
\"\<<e<<endl;\,1
\section("\timemarching"\).subsection("\ramp"\).register_double("\growth"\,optional,1.2);\,1
oprador,1
Face[nf].BF=true;,1
\"\<<cval.outstr()<<endl;\,1
right.source.outstr()<<endl;,1
interesa,1
scalar=false;,1
2012-2015,1
&i),1
READED,1
(equations[gid]==NS),1
PASARLAS,1
opuesto,1
\"\Mapped\,1
this->source.outstr()<<endl;,1
_Grid,1
\material_input[gid].registerSection("\Cp"\,single,optional);\,1
CDEqn;,1
following,1
kdiff=material[2].k;,1
\"\neigh\,1
here,1
INCLUYEN,1
\{1,5,4,0},\,1
\registerSection("\timemarching"\,single,required);\,1
DEVUELVEN,1
faceverts.push_back(vboundcell[bcell].Vert(iv));,1
comunes,1
Notar,1
\propiedad,\,1
faceCount=0;,1
hecho,1
dfinitos,1
Performance,1
tempFace.bc=face_matched_bcs[fbc];,1
\"\Iteration:\,1
\get_dof_indices,\,1
VIRTUAL!,1
MUCHOS,1
tempNodes[fn]=this->Cell(c).Vert(prismFaces[cf][fn]);,1
built,1
stored,1
\this->Cell(facecells[1]).Id_Face(nfenc2,nf);\,1
NODES,1
VERTICE,1
cid++),1
\"\through\,1
//Chequeo,1
\Velocidades,\,1
<mpi.h>,1
\(varList[ov]=="\gradw"\)\,1
&r){},1
\"\<Cells>"\\,1
SEQSBAIJ,1
\"\BC\,1
Eqn<T>::operator-(),1
\"\Field_Def.h"\\,1
\PETSC_Solver<number,dim>::X(const\,1
FaceGrad,1
AUMENTAR,1
tempNodes[fn]=this->Cell(c).Vert(pyraFaces[cf][fn]);,1
//Aca,1
cil,1
c=0;c<3;c++),1
OUTPUT,1
\nnz[],Mat\,1
registered,1
//nbr_eqn.push_back(VolField.Grid().Cell(c));,1
OTRA,1
\options,\,1
fixity,1
parameters,1
face_matched_bcs.push_back(nbc);,1
00055,1
ad,1
//MINGW,1
\MatCreate(),\,1
(cf<2),1
\VecGetValues(this->x,1,ix,y);\,1
(incluye,1
weighting,1
MatSeqAIJSetPreallocation(Mat,1
\Patch_1"\<<endl;\,1
\"\fp\,1
\RHS,\,1
surface,1
LIST,1
Boleanas,1
result,1
exclusive,1
//descarta,1
U(malla);,1
configuración,1
Fv_CC,1
//THESE,1
(virtual),1
//Calculate,1
Scalar(){};,1
\"\</Piece>"\\,1
\values"\<<endl;\,1
malla.connectivity.size(),1
\mat,PetscInt\,1
cell[1]=face.Cell(1);,1
j++),1
\"\Return\,1
\PETSC_Solver<number,dim>::ApplyDispOnDoF(const\,1
(fn==0),1
\n,const\,1
',1
nfb=0;,1
r++),1
sumo,1
ap(0.);,1
entiendo,1
faceid=sortfacemapit->second;,1
\"\<<columnid<<endl;\,1
Comienzo,1
asociarlas,1
\(varList[ov]=="\gradp"\)\,1
++faceCount;,1
\Name=\"\"\;\,1
niveles,1
\val"\<<endl;\,1
TARDA,1
tensor!,1
maxfaces<<endl;,1
tantos,1
Termino,1
\TEMP,\,1
\{1,2,6,5},\,1
(i21==3,1
\heredados,\,1
Face[nf].Cell[0]=c;,1
Later,1
Imprime,1
Solve(CDEqn);,1
apears,1
//Cuando,1
po,1
contrario,1
Min,1
tempFace.bc=face_matched_bcs[0];,1
\nid"\\,1
//Construir,1
coeff_an=-1.;,1
interpolado,1
algo,1
cellid,1
WAY,1
FRoM,1
horario,1
currpatch=patchnum.size()-1;,1
face[nf].Cell[0]=c;,1
ns[gid].gradp.node(n)[i],1
chosen,1
ns[gid].limiter[1].node(n),1
fluidos,1
idxn[1];,1
\:field(fi),\,1
\Patch"\<<endl;\,1
\too,\,1
null_flux_faces,1
Test(),1
fabs(const,1
\baricentros,\,1
SIGN,1
cellit->Init_NumberofFaces(numcellfaces[cellit->Num_Vertex()]);,1
\VecView(x,PETSC_VIEWER_STDOUT_SELF);\,1
template<>,1
once,1
test),1
good,1
\"\<<idface<<"\idvert:\,1
orden,1
//u,1
implicito,1
p(bpfaces[bp]);,1
DUMMY!!!!!,1
Sys,1
\"\<<eq.Eqn(e).Width()<<endl;\,1
poder,1
\MatSetOption(this->A,MAT_SYMMETRIC,PETSC_TRUE);\,1
\section("\grid"\,0).subsection("\turbulence"\).register_double("\relativetolerance"\,optional,1.e-6);\,1
Comparing,1
white,1
publico,1
\opuesto,\,1
//Creo,1
xy[f][3+2]<<endl;,1
FieldField,1
00054,1
i=node[tempNodes[0]].cells[nc];,1
*it=tempNodes;,1
\section("\grid"\,0).subsection("\turbulence"\).register_double("\turbulentPr"\,optional,0.9);\,1
giran,1
+),1
Patch(,1
Enf,1
VectorSpace,1
\"\./Type/TensorI.h"\\,1
\"\Patch\,1
i=0;i<cell[c].nodeCount;++i),1
clamps,1
\flog("\Hola.txt"\);\,1
efficient,1
\maxfaces"\\,1
Generica,1
ppio,1
(sino,1
NORMAIZED,1
contiene,1
Archivo;,1
patches=process_patches(data);,1
OVERRIDE,1
previous,1
CRODS,1
ap;,1
TAL,1
\section("\grid"\,0).subsection("\turbulence"\).register_int("\maximumiterations"\,optional,10);\,1
DELETE,1
\"\ERROR"\<<endl;\,1
Count,1
DERIVADAS,1
CELDA,1
eliminate,1
GeomField<Scalar>,1
set<int>,1
ap:,1
Friccion,1
i=0;i<tempFace.nodeCount;++i),1
\KSPSolve(ksp,b,x);CHKERRQ(ierr);\,1
cgns,1
\solo,\,1
\fi,_CC_Fv_Field\,1
front,1
interp(malla);,1
geometricos,1
\found"\\,1
_Field<T>::Log,1
\U=Vec3D(1.,0,0);\,1
CLASES,1
u2,1
EqnSystem<T>::Insert,1
SOLVERS,1
usedd,1
\"\12"\\,1
ierr=,1
stencils?,1
OBVIAMENTE,1
allocating,1
vp[currpatch].AddFace(numboundfaces);,1
Dummy,1
hexaFaces[6][4]=,1
Insert(ec);,1
<<i<<endl;,1
\phi.Val(15,0.0);phi.Val(19,0.0);\,1
nr=0;nr<ret.neighbour_id.size();nr++),1
EqnSystem(_CC_Fv_Field,1
(i,1
CALLING,1
BARICENTRO,1
Llamo,1
statements,1
\sortfacemapit->second<<"\\,1
\"\Patch:\,1
\PETSC_Solver<number,dim>::ResetB(const\,1
//Antes,1
\patches..."\<<endl;\,1
\section("\grid"\,0).subsection("\material"\).register_double("\molarmass"\,optional,28.97);\,1
Dof,1
<<this->Num_Faces()<<endl;,1
many,1
PASO,1
&s),1
amyor,1
\NumberOfPoints=\"\"\\,1
this->U=_CC_Fv_Field<Vec3D>(this->mesh);,1
miembros,1
Conviene,1
vi=0;vi<v.size();vi++),1
having,1
second,1
nfb++;nf++;,1
\unique,\,1
cuándo,1
Wrong,1
construct,1
//Reference,1
Maximos,1
_Field<T>::operator=(const,1
//Adding,1
Porque,1
c=0;c<FvGrid.Num_Cells();c++),1
BINARY,1
\&nasfile,\,1
\"\eqn\,1
&v2),1
\"\<<bc_element_list[nbc].size()<<endl;\,1
\"\"\this->numberofvals\,1
zoneName,1
READ,1
vert;,1
\{0,1,3}\,1
\New,\,1
asked,1
SER,1
Vec3D(,1
fid,1
refType,1
f=0;f<VolField.Grid().Num_Faces();f++),1
CBush,1
asi?,1
{/,1
nz,1
ret.An(this->Ap(),1
changed,1
\"\Left\,1
Gradf,1
User,1
nuevos,1
\y[],InsertMode\,1
Definicion,1
/////,1
smaller,1
menor,1
ESTAR,1
\cell,\,1
\[Col]"\\,1
dependen,1
Both,1
devuelven,1
\<<r.Grid().CellFaceAf_Slow(c,cellface).Val().outstr()<<endl;\,1
nnz[]),1
mismos,1
tempFace.parent=c;,1
\section("\grid"\,0).subsection("\turbulence"\).register_double("\viscosityratiolimit"\,optional,5.e4);\,1
simplemente,1
chek,1
HACER,1
\ReadVelocityFieldFromInput(this->inputfile,this->U,this->mesh);\,1
\U.Boundaryfield().PatchField(1).AssignValue(Vec3D(1.,0.,0.));\,1
significa,1
nula,1
\"\<<columnid+dim<<"\\,1
According,1
nodes),1
fid++),1
asociar,1
Llama,1
f++),1
UPWIND,1
(*cellit).face[i]=nf;,1
\Face"\<<endl;\,1
cellit->Init_Idface(numcellfaces[cellit->Num_Vertex()]);,1
Iterations,1
repeated_nodes.size()==2),1
TEMPLATIZeD,1
DISTINTOS,1
\this->Elementos[e].Tipo()=="\CTRIA3"\\,1
operations,1
copiar,1
sab,1
extrajo,1
library,1
vectorial,1
\clases,\,1
\material_input.resize(section("\grid"\,0).count);\,1
val.push_back(K.El[row+dim+1][width_cells].Val);,1
nasfile,1
\u1v3],[u2v1..]\,1
CAMPOS,1
&n),1
\coeff_ap,\,1
UDOs,1
recursively,1
(this->bidim_mesh),1
Created,1
AssignBoundaryVal(const,1
if(c2>(*cellit).Id()),1
digito,1
Debo,1
//bound.AddPatch(patch);,1
faster,1
//coeficientes,1
//_CC_Fv_Field<Vec3D>,1
enteros,1
~_FvFace(){};,1
LB,1
\Mesh..."\<<endl;\,1
Type,1
habra,1
Previously,1
INFO,1
cell[tempFace.neighbor].faces.push_back(tempFace.id);,1
\(cadtemp.find("\-"\,0)!=cadtemp.npos\,1
RELATE,1
\2)"\\,1
Otra,1
<<dof<<endl;,1
\punteros,\,1
eqnsys.Eqn(cell[1]).An(neigh2)-=coeff_ap;,1
PIDE,1
face=VolField.Grid().Face(f);,1
Neighbourfield,1
\malla("\square.cgns"\);\,1
\eqn(ap,\,1
generico,1
Log``,1
Vectores,1
//Patch,1
arguments,1
\{1,2,4,0},\,1
coinc,1
pos,1
ToCellCenterField();,1
\PETSC_Solver<number,dim>::InsertRow(const\,1
<<this->an.size()<<endl;,1
width=eq.Eqn(e).Width()*numberofcomp;,1
dimension;,1
distintos,1
classes,1
<<nvenc<<,1
CARA,1
//eqnsys.Eqn(cell[0]).Ap()+=coeff_ap;,1
\NumberOfCells=\"\"\\,1
\LR"\\,1
operator&,1
p.Boundaryfield().PatchField(i).ConstValue().outstr()<<endl;,1
RECOMMENDED,1
INTERNA,1
\"\<<v<<endl;\,1
replacing,1
\section("\grid"\,0).subsection("\IC"\,0).register_double("\eddyviscosityratio"\,optional,0.1);\,1
usada,1
definiciones,1
INHERITED,1
fixed,1
\CDEqn(FvImp::Laplacian(k,\,1
unidos,1
Long,1
0.5,1
OPERACIONES,1
tempNodes[fn]=this->Cell(c).Vert(tetraFaces[cf][fn]);,1
eqnsys(VolField.ConstGrid());,1
f=0;f<faceCount;++f),1
numfaces=arraysize(v);,1
\"\["\\,1
numverts=nasfile->Buscar_numnodos();,1
Cond,1
pos;,1
\Value"\<<fisurf.Val(idface).Val()<<endl;\,1
eqnsys.Eqn(cell[0]).An(neigh)+=coeff_an;,1
v3]=[u1v1,1
WERE,1
cell[c].id=c;,1
neigh=VolField.ConstGrid().Cell(cell[0]).SearchNeighbour(cell[1]);,1
varList[ov];,1
\section("\grid"\,0).subsection("\navierstokes"\).register_double("\absolutetolerance"\,optional,1.e-12);\,1
\[dim]"\\,1
Indicates,1
FvImp,1
tempNodes[fn]=this->Cell(c).Vert(hexaFaces[cf][fn]);,1
\section("\grid"\,0).subsection("\IC"\,0).register_Vec3D("\corner_2"\,optional,1e20);\,1
Modificaciones,1
\(varList[ov]=="\T"\)\,1
(conect[0]==Nodos[n].VerId_Nastran()),1
mymap;,1
Id);,1
Fv_CC_Grid::Init_Faces(),1
\fileName=section("\grid"\,0).get_string("\material"\);\,1
implican,1
\PETSC_Solver<number,dim>::ViewInfo()\,1
hand,1
\"\<<(r.Grid().Cell(c).Vp()).outstr();\,1
++c),1
\ierr=VecSetValues(this->b,1,&adof,&bval,ADD_VALUES);\,1
REVISAR,1
\section("\reference"\).register_double("\p"\,optional,0.);\,1
dominio,1
OPERATOR,1
pacth,1
\Buglioni,\,1
Vertex,1
\operators,\,1
Copied,1
(grid.Face(f).Boundaryface(),1
\{0,1,4,0},\,1
set<int>::iterator,1
maxximo,1
TYPES,1
\material_input[gid].register_double("\thermalconductivity"\,optional,0.024);\,1
\face"\<<numfaces<<endl;\,1
//Siempre,1
clock_t,1
\section("\grid"\,0).registerSubsection("\transform"\,numbered,optional);\,1
segunda,1
\material_input[gid].read("\thermalconductivity"\);\,1
Iniciar_Caras();,1
&fvfield):field(fvfield),1
p.AssignPatchFieldTypes(FIXEDGRADIENT);,1
cc(FvGrid.Cell(c));,1
el=0;el<bpelem[bp].size();el++),1
//Neighbours,1
print,1
++i),1
common,1
\inlines,\,1
comp[1]=right[1];,1
3d,1
INTERNAL,1
\section("\grid"\,0).subsection("\writeoutput"\).register_int("\restartfrequency"\,optional,1e10);\,1
\(varList[ov]=="\dt"\)\,1
debe,1
(eq.Eqn(e).Neighbour(neighb)==realcellid),1
varName,1
NECCESARY,1
face=VolField.ConstGrid().Face(f);,1
spent,1
\m,PetscInt\,1
\vertices,\,1
Coeficiente,1
Some,1
\"\_y"\;\,1
Columns,1
c2<<endl;,1
adj,1
\type=\"\UnstructuredGrid\"\>"\\,1
GENERIC,1
\(this->A,MAT_FINAL_ASSEMBLY);\,1
\FluxSol::tmp<T>::operator()()"\)\,1
EQUAL,1
\FvImp::Div(phi,U));\,1
connectivity[r][s],1
Non-Orthogonal,1
busca,1
convection-diffusion,1
vectice,1
Fv_CC_Model,1
repeated_node_cells;,1
facenodeCount;,1
ahorro,1
agregados,1
roght,1
//Cell[num_cells_int+dc].Dummy=true;,1
Producto,1
DEVUELVE,1
\(this->Elementos[e].Tipo()=="\CQUAD4"\\,1
Creacion,1
\section("\grid"\,0).subsection("\material"\).register_double("\Cp"\,optional,1000.);\,1
(mymapit=mymap.begin();mymapit!=mymap.end();mymapit++),1
TEMPLATES,1
an.push_back(coef);,1
\(varList[ov]=="\mu_t"\)\,1
(grid[gid].Cell(c).Num_Vertex()==4),1
Retrocedo,1
\"\./Tmp/TmpI.h"\\,1
Sabiendo,1
Directamente,1
Edit,1
(VolField.Grid().Face(f).Boundaryface()),1
cv;,1
i=0;i<2;i++)cell[i]=face.Cell(i);,1
\"\Right\,1
